id_contrato,nit_entidad,entidad,departamento,ciudad,orden,tipo_contrato,modalidad,estado,unspsc,fecha_firma,anio,periodo_gobierno,descripcion,dir_ejecucion,urlproceso,valor,valor_plausible,valor_pagado,valor_pend_ejecucion,valor_anticipo,precio_base,rec_regalias,rec_sgp,rec_propios_terr,n_oferentes_unicos,n_invitados,dias_ventana,dias_originales,dias_adicionados,proveedor,ordenador,supervisor,doc_proveedor,doc_ordenador,doc_supervisor,doc_replegal,cuenta_key,puntos_crudos,score,n_banderas_fuertes,es_atipico,f_cuenta_compartida,f_ordenador_es_supervisor,f_sobrepago,f_anticipo_no_declarado,f_anticipo_al_tope,f_fraccionamiento,f_proponente_unico,f_obra_directa,f_ratio_calcado,f_invitacion_vacia,f_replegal_multiempresa,f_ordenador_concentrado,f_al_tope_minima,f_ventana_corta,f_supervisor_sobrecargado,f_ordenador_itinerante,f_prorroga_mayor,f_cierre_de_periodo,f_datos_faltantes,f_sin_proceso,f_valor_implausible,f_cuenta_consorcios,ev_share_top1_ordenador,ev_hhi_ordenador,ev_contratos_supervisor,ev_entidades_ordenador,ev_proveedores_por_cuenta,ev_tipo_red_cuenta,ev_empresas_por_replegal,ev_hermanos_30d,ev_ventana_mediana_modalidad,ev_tope_minima_entidad,ev_tasa_autosupervision_entidad
CO1.PCCNTR.4000901,800103913,E.S.E. HOSPITAL SAN RAFAEL,ANTIOQUIA,EL BAGRE,TERRITORIAL,OBRA,CONTRATACION DIRECTA,CELEBRADO,81101500,2025-05-03,2025,2024-2027,MANTENIMIENTO DE LA INFRAESTRUCTURA EDUCATIVA DE LA I.E. SANTO TOMAS,KM 31 VIA EL BAGRE - ZONA RURAL,{'url': 'https://community.secop.gov.co/Public/Tendering/OpportunityDetail/Index?noticeUID=CO1.NTC.5000901&isFromPublicArea=True'},75552304612,75552304612,46739347567,15781954636,0,69150005207,1,0,1,1,6,22,120,30,CONSORCIO VIAS DEL SUR,LUZ MARINA CARDENAS OSPINA,DIANA CAROLINA ZAPATA TORO,901223344,21991316,11015769,44672832,CTA-BAN-0044517,13.0,0.325,2,1,1,0,0,0,0,1,1,1,0,0,0,1,0,0,1,0,0,0,0,0,0,0,0.903,0.815,168,1,3,empresas_independientes,1,6,24,111000000,0.175
CO1.PCCNTR.4000902,899999034,AGENCIA NACIONAL DE INFRAESTRUCTURA - ANI,BOGOTA D.C.,BOGOTA D.C.,NACIONAL,OBRA,SELECCION ABREVIADA,CELEBRADO,72141100,2024-09-28,2024,2024-2027,MEJORAMIENTO DE VIA TERCIARIA EN LA VEREDA EL PORVENIR,KM 26 VIA BOGOTA D.C. - ZONA RURAL,{'url': 'https://community.secop.gov.co/Public/Tendering/OpportunityDetail/Index?noticeUID=CO1.NTC.5000902&isFromPublicArea=True'},6000000000000000000,52686334990,68343768808,0,0,50177461896,0,0,0,5,1,28,60,30,JUNTA DE ACCION COMUNAL VEREDA LA ESPERANZA,DIANA CAROLINA ZAPATA TORO,GLORIA ESPERANZA NINO ARAUJO,800556677,85478835,16325964,86310474,CTA-BAN-0077310,4.0,0.1,1,1,0,0,1,0,0,0,0,0,0,0,0,0,0,0,0,0,0,0,0,0,1,0,0.655,0.663,3,1,1,empresas_independientes,1,0,12,111000000,0.162
CO1.PCCNTR.4000903,899999061,INSTITUTO DE INFRAESTRUCTURA Y CONCESIONES DE CUNDINAMARCA - ICCU,CHOCO,NO DEFINIDO,DEPARTAMENTAL,APP,SELECCION ABREVIADA,CELEBRADO,81101500,2024-06-21,2024,2024-2027,MANTENIMIENTO DE LA INFRAESTRUCTURA EDUCATIVA DE LA I.E. SANTO TOMAS,KM 29 VIA NO DEFINIDO - ZONA RURAL,{'url': 'https://community.secop.gov.co/Public/Tendering/OpportunityDetail/Index?noticeUID=CO1.NTC.5000903&isFromPublicArea=True'},419639938,419639938,371944828,168161125,0,322127573,0,1,0,4,4,25,60,60,JUNTA DE ACCION COMUNAL VEREDA LA ESPERANZA,DIANA CAROLINA ZAPATA TORO,SANDRA PATRICIA MOSQUERA RENTERIA,,46370886,87359818,56210257,CTA-BAN-0077310,1.0,0.025,0,1,0,0,0,0,0,0,0,0,0,0,0,0,0,0,0,0,0,0,1,0,0,0,0.844,0.302,3,1,3,comunitaria,1,0,12,111000000,0.107
CO1.PCCNTR.4000904,899999034,AGENCIA NACIONAL DE INFRAESTRUCTURA - ANI,NARINO,PUERRES,NACIONAL,CONSULTORIA,LICITACION PUBLICA,EN EJECUCION,72141100,2021-09-22,2021,2020-2023,MANTENIMIENTO DE LA INFRAESTRUCTURA EDUCATIVA DE LA I.E. SANTO TOMAS,KM 5 VIA PUERRES - ZONA RURAL,{'url': 'https://community.secop.gov.co/Public/Tendering/OpportunityDetail/Index?noticeUID=CO1.NTC.5000904&isFromPublicArea=True'},57414130926,57414130926,41426126750,1857438963,0,55872716308,1,1,1,6,2,11,180,30,MYG PUERRES S.A.S.,WILSON ALBERTO GUERRERO PAZ,WILSON ALBERTO GUERRERO PAZ,900778899,99162409,92176581,69455956,CTA-BAN-0091823,5.0,0.125,1,1,1,0,0,0,0,0,0,0,0,0,1,0,0,0,0,0,0,0,0,0,0,0,0.563,0.82,1,1,3,empresas_independientes,24,0,24,111000000,0.031
CO1.PCCNTR.4000905,899999034,AGENCIA NACIONAL DE INFRAESTRUCTURA - ANI,BOYACA,TUNJA,NACIONAL,INTERVENTORIA,SELECCION ABREVIADA,TERMINADO,81101500,2022-04-06,2022,2020-2023,MEJORAMIENTO DE VIA TERCIARIA EN LA VEREDA EL PORVENIR,KM 4 VIA TUNJA - ZONA RURAL,{'url': 'https://community.secop.gov.co/Public/Tendering/OpportunityDetail/Index?noticeUID=CO1.NTC.5000905&isFromPublicArea=True'},58372547,58372547,30021048,18709205,0,49151412,0,0,0,5,5,24,120,0,INTERVENTORIAS TECNICAS ANDINAS S.A.,OSCAR IVAN BETANCUR GIRALDO,OSCAR IVAN BETANCUR GIRALDO,860334455,27891671,27891671,95252977,CTA-BAN-0044517,3.0,0.075,1,1,0,1,0,0,0,0,0,0,0,0,0,0,0,0,0,0,0,0,0,0,0,0,0.255,0.595,3,1,1,empresas_independientes,1,0,12,111000000,0.347
CO1.PCCNTR.4000906,800103913,E.S.E. HOSPITAL SAN RAFAEL,TOLIMA,IBAGUE,TERRITORIAL,OBRA,LICITACION PUBLICA,TERMINADO,81101500,2021-05-01,2021,2020-2023,ADECUACION DEL PARQUE PRINCIPAL Y ESPACIO PUBLICO ADYACENTE,KM 14 VIA IBAGUE - ZONA RURAL,{'url': 'https://community.secop.gov.co/Public/Tendering/OpportunityDetail/Index?noticeUID=CO1.NTC.5000906&isFromPublicArea=True'},297055003,297055003,196412535,1690778,0,297592026,1,0,0,1,11,29,180,0,JUNTA DE ACCION COMUNAL VEREDA LA ESPERANZA,ALVARO JOSE PENALOZA SIERRA,GLORIA ESPERANZA NINO ARAUJO,800556677,65554911,34422225,26364904,CTA-BAN-0012004,2.0,0.05,0,1,0,0,0,0,0,0,0,0,1,0,0,0,0,0,0,0,0,0,0,0,0,0,0.594,0.774,10,1,1,comunitaria,1,0,24,111000000,0.394
CO1.PCCNTR.4000907,899999061,INSTITUTO DE INFRAESTRUCTURA Y CONCESIONES DE CUNDINAMARCA - ICCU,HUILA,NEIVA,DEPARTAMENTAL,INTERVENTORIA,CONTRATACION DIRECTA,CELEBRADO,81101500,2021-02-02,2021,2020-2023,INTERVENTORIA TECNICA ADMINISTRATIVA Y FINANCIERA AL CONTRATO DE OBRA,KM 21 VIA NEIVA - ZONA RURAL,{'url': 'https://community.secop.gov.co/Public/Tendering/OpportunityDetail/Index?noticeUID=CO1.NTC.5000907&isFromPublicArea=True'},1422060419,1422060419,508735379,497063978,0,1156716603,1,0,1,1,12,17,120,0,CONSORCIO VIAS DEL SUR,HERNAN DARIO QUINTERO BEDOYA,DIANA CAROLINA ZAPATA TORO,901223344,94569896,69070995,21131016,CTA-BAN-0044517,2.0,0.05,0,1,0,0,0,0,0,0,0,0,0,1,0,0,0,0,0,0,0,0,0,0,0,0,0.468,0.789,1,1,1,comunitaria,1,0,1,111000000,0.363
CO1.PCCNTR.4000908,891680011,GOBERNACION DEL CHOCO,CAUCA,POPAYAN,DEPARTAMENTAL,OBRA,CONTRATACION DIRECTA,LIQUIDADO,72151500,2019-12-29,2019,2016-2019,CONSTRUCCION DE PLACA HUELLA EN ZONA RURAL DEL MUNICIPIO,KM 29 VIA POPAYAN - ZONA RURAL,{'url': 'https://community.secop.gov.co/Public/Tendering/OpportunityDetail/Index?noticeUID=CO1.NTC.5000908&isFromPublicArea=True'},7712513304,7712513304,2503605795,803024013,0,6408906420,0,1,0,3,10,11,120,0,INTERVENTORIAS TECNICAS ANDINAS S.A.,GLORIA ESPERANZA NINO ARAUJO,GLORIA ESPERANZA NINO ARAUJO,860334455,77821894,35628804,12275794,CTA-BAN-0044517,1.0,0.025,0,1,0,0,0,0,0,0,0,0,0,0,0,0,0,0,0,0,0,1,0,0,0,0,0.883,0.565,6,1,1,comunitaria,1,0,1,111000000,0.038
CO1.PCCNTR.4000909,899999061,INSTITUTO DE INFRAESTRUCTURA Y CONCESIONES DE CUNDINAMARCA - ICCU,CALDAS,MANIZALES,DEPARTAMENTAL,OBRA,CONTRATACION DIRECTA,LIQUIDADO,72141100,2023-01-07,2023,2020-2023,ADECUACION DEL PARQUE PRINCIPAL Y ESPACIO PUBLICO ADYACENTE,KM 4 VIA MANIZALES - ZONA RURAL,,62051670,62051670,20013990,32051128,0,,1,1,1,4,9,18,60,0,CONSTRUCCIONES DEL NORTE LTDA,MARTHA CECILIA ROJAS VILLAMIL,WILSON ALBERTO GUERRERO PAZ,830112233,85920413,34542144,96145692,CTA-BAN-0044517,1.0,0.025,0,1,0,0,0,0,0,0,0,0,0,0,0,0,0,0,0,0,0,0,0,1,0,0,0.526,0.723,12,1,1,empresas_independientes,1,0,1,111000000,0.1
CO1.PCCNTR.4000910,892000501,ALCALDIA MUNICIPAL DE PUERTO GAITAN,RISARALDA,PEREIRA,TERRITORIAL,INTERVENTORIA,CONTRATACION DIRECTA,CELEBRADO,81101500,2022-03-22,2022,2020-2023,OPTIMIZACION DEL SISTEMA DE ACUEDUCTO Y ALCANTARILLADO,KM 18 VIA PEREIRA - ZONA RURAL,{'url': 'https://community.secop.gov.co/Public/Tendering/OpportunityDetail/Index?noticeUID=CO1.NTC.5000910&isFromPublicArea=True'},110751003,110751003,272796025,129058589,0,274325156,0,1,1,1,12,3,240,30,CONSTRUCCIONES DEL NORTE LTDA,GLORIA ESPERANZA NINO ARAUJO,OSCAR IVAN BETANCUR GIRALDO,830112233,88705266,57706408,41120137,CTA-BAN-0091823,2.0,0.05,0,1,0,0,0,0,0,0,0,0,0,0,0,0,1,0,0,0,0,0,0,0,0,0,0.78,0.785,7,1,1,consorcios,1,0,1,111000000,0.308
CO1.PCCNTR.4000911,891680011,GOBERNACION DEL CHOCO,QUINDIO,ARMENIA,DEPARTAMENTAL,OBRA,CONCURSO DE MERITOS,LIQUIDADO,72151500,2021-02-18,2021,2020-2023,OPTIMIZACION DEL SISTEMA DE ACUEDUCTO Y ALCANTARILLADO,KM 38 VIA ARMENIA - ZONA RURAL,{'url': 'https://community.secop.gov.co/Public/Tendering/OpportunityDetail/Index?noticeUID=CO1.NTC.5000911&isFromPublicArea=True'},2023764414,2023764414,1200125087,626088016,1011882207,2071958243,0,1,0,7,1,26,60,0,JUNTA DE ACCION COMUNAL VEREDA LA ESPERANZA,MARTHA CECILIA ROJAS VILLAMIL,DIANA CAROLINA ZAPATA TORO,800556677,14725883,26905533,46657322,CTA-BAN-0044517,2.0,0.05,0,1,0,0,0,0,1,0,0,0,0,0,0,0,0,0,0,0,0,0,0,0,0,0,0.669,0.381,7,1,1,comunitaria,1,0,15,111000000,0.08
CO1.PCCNTR.4000912,800103913,E.S.E. HOSPITAL SAN RAFAEL,SANTANDER,BARRANCABERMEJA,TERRITORIAL,INTERVENTORIA,SELECCION ABREVIADA,TERMINADO,81101500,2021-01-08,2021,2020-2023,INTERVENTORIA TECNICA ADMINISTRATIVA Y FINANCIERA AL CONTRATO DE OBRA,KM 2 VIA BARRANCABERMEJA - ZONA RURAL,{'url': 'https://community.secop.gov.co/Public/Tendering/OpportunityDetail/Index?noticeUID=CO1.NTC.5000912&isFromPublicArea=True'},9935149992,9935149992,4951097614,5014559415,0,7535714592,1,1,1,2,7,11,240,150,UNION TEMPORAL PROGRESO 2024,OSCAR IVAN BETANCUR GIRALDO,HERNAN DARIO QUINTERO BEDOYA,900990011,32732448,89573186,49879473,CTA-BAN-0077310,1.0,0.025,0,1,0,0,0,0,0,0,0,0,0,0,0,0,0,0,0,0,0,0,0,0,0,1,0.278,0.573,7,1,3,consorcios,1,0,12,111000000,0.277
CO1.PCCNTR.4000913,899999063,SERVICIO NACIONAL DE APRENDIZAJE - SENA,CESAR,VALLEDUPAR,NACIONAL,OBRA,SELECCION ABREVIADA,LIQUIDADO,81101500,2022-07-06,2022,2020-2023,MEJORAMIENTO DE VIA TERCIARIA EN LA VEREDA EL PORVENIR,KM 12 VIA VALLEDUPAR - ZONA RURAL,{'url': 'https://community.secop.gov.co/Public/Tendering/OpportunityDetail/Index?noticeUID=CO1.NTC.5000913&isFromPublicArea=True'},1338812222,1338812222,695284892,114902921,0,1340165145,1,1,0,3,6,11,180,393,UNION TEMPORAL PROGRESO 2024,HERNAN DARIO QUINTERO BEDOYA,WILSON ALBERTO GUERRERO PAZ,900990011,21207292,59896977,69119666,CTA-BAN-0091823,1.0,0.025,0,1,0,0,0,0,0,0,0,0,0,0,0,0,0,0,0,0,1,0,0,0,0,0,0.565,0.865,2,1,1,comunitaria,1,0,12,111000000,0.076
CO1.PCCNTR.4000914,890905211,MUNICIPIO DE EL BAGRE,META,PUERTO GAITAN,TERRITORIAL,INTERVENTORIA,SELECCION ABREVIADA,CELEBRADO,72141100,2017-08-09,2017,2016-2019,CONSTRUCCION DE PLACA HUELLA EN ZONA RURAL DEL MUNICIPIO,KM 32 VIA PUERTO GAITAN - ZONA RURAL,{'url': 'https://community.secop.gov.co/Public/Tendering/OpportunityDetail/Index?noticeUID=CO1.NTC.5000914&isFromPublicArea=True'},93818439019,93818439019,57379428153,23547438114,28145531705,72699638814,1,1,1,3,10,1,60,60,CONSTRUCTORA VIBORAL S.A.S.,OSCAR IVAN BETANCUR GIRALDO,ALVARO JOSE PENALOZA SIERRA,901667788,68571268,45633577,20806247,CTA-BAN-0044517,3.0,0.075,1,1,0,0,0,1,0,0,0,0,0,0,0,0,0,0,0,0,0,0,0,0,0,0,0.207,0.603,6,1,1,consorcios,1,0,12,111000000,0.285
CO1.PCCNTR.4000915,891680011,GOBERNACION DEL CHOCO,SUCRE,SINCELEJO,DEPARTAMENTAL,INTERVENTORIA,CONTRATACION DIRECTA,CELEBRADO,72151500,2021-02-04,2021,2020-2023,MANTENIMIENTO DE LA INFRAESTRUCTURA EDUCATIVA DE LA I.E. SANTO TOMAS,KM 29 VIA SINCELEJO - ZONA RURAL,{'url': 'https://community.secop.gov.co/Public/Tendering/OpportunityDetail/Index?noticeUID=CO1.NTC.5000915&isFromPublicArea=True'},1987412355,1987412355,436872873,1022826409,0,1535614095,0,1,1,6,9,1,240,0,INTERVENTORIAS TECNICAS ANDINAS S.A.,DIANA CAROLINA ZAPATA TORO,OSCAR IVAN BETANCUR GIRALDO,860334455,70967223,89328601,53268807,CTA-BAN-0091823,1.0,0.025,0,1,0,0,0,0,0,0,0,0,0,0,0,0,0,1,0,0,0,0,0,0,0,0,0.223,0.724,10,1,1,comunitaria,1,0,1,111000000,0.089
CO1.PCCNTR.4000916,899999034,AGENCIA NACIONAL DE INFRAESTRUCTURA - ANI,CORDOBA,MONTERIA,NACIONAL,OBRA,MINIMA CUANTIA,CELEBRADO,81101500,2019-11-23,2019,2016-2019,INTERVENTORIA TECNICA ADMINISTRATIVA Y FINANCIERA AL CONTRATO DE OBRA,KM 10 VIA MONTERIA - ZONA RURAL,{'url': 'https://community.secop.gov.co/Public/Tendering/OpportunityDetail/Index?noticeUID=CO1.NTC.5000916&isFromPublicArea=True'},1934572516,1934572516,619245037,1067437995,0,1541138869,0,0,1,7,7,8,60,30,MYG PUERRES S.A.S.,LUZ MARINA CARDENAS OSPINA,HERNAN DARIO QUINTERO BEDOYA,901556677,75949839,98537578,80102294,CTA-BAN-0012004,1.0,0.025,0,1,0,0,0,0,0,0,0,0,0,0,0,0,0,0,0,1,0,0,0,0,0,0,0.865,0.481,10,5,1,empresas_independientes,1,0,4,111000000,0.34
CO1.PCCNTR.4000017,899999034,AGENCIA NACIONAL DE INFRAESTRUCTURA - ANI,CUNDINAMARCA,SOACHA,NACIONAL,CONCESION,LICITACION PUBLICA,TERMINADO,81101500,2025-10-02,2025,2024-2027,ADECUACION DEL PARQUE PRINCIPAL Y ESPACIO PUBLICO ADYACENTE,KM 3 VIA SOACHA - ZONA RURAL,{'url': 'https://community.secop.gov.co/Public/Tendering/OpportunityDetail/Index?noticeUID=CO1.NTC.5000017&isFromPublicArea=True'},1558292405,1558292405,508745156,839659211,0,1599829802,0,1,0,1,10,3,120,30,UNION TEMPORAL PROGRESO 2024,SANDRA PATRICIA MOSQUERA RENTERIA,DIANA CAROLINA ZAPATA TORO,900990011,96297654,69227119,54448748,CTA-BAN-0044517,6.0,0.15,0,1,0,0,0,0,0,0,1,0,0,0,1,1,0,0,0,0,0,0,0,0,0,0,0.929,0.863,10,1,1,consorcios,8,0,24,111000000,0.039
CO1.PCCNTR.4000018,890801150,EMPRESA DE ACUEDUCTO Y ALCANTARILLADO E.S.P.,CUNDINAMARCA,SOACHA,TERRITORIAL,OBRA,CONTRATACION DIRECTA,LIQUIDADO,72141100,2021-05-26,2021,2020-2023,ADECUACION DEL PARQUE PRINCIPAL Y ESPACIO PUBLICO ADYACENTE,KM 19 VIA SOACHA - ZONA RURAL,,2081319886,2081319886,2045899831,456410102,624395965,,0,1,1,1,2,9,60,0,JUNTA DE ACCION COMUNAL VEREDA LA ESPERANZA,GLORIA ESPERANZA NINO ARAUJO,HERNAN DARIO QUINTERO BEDOYA,800556677,49205802,22231734,90125775,CTA-BAN-0012004,6.0,0.15,1,1,0,0,0,1,0,0,0,1,0,0,0,0,0,0,0,0,0,0,0,1,0,0,0.242,0.258,9,1,1,comunitaria,1,0,1,111000000,0.377
CO1.PCCNTR.4000019,899999063,SERVICIO NACIONAL DE APRENDIZAJE - SENA,CUNDINAMARCA,SOACHA,NACIONAL,OBRA,CONCURSO DE MERITOS,CELEBRADO,72141100,2022-01-03,2022,2020-2023,OPTIMIZACION DEL SISTEMA DE ACUEDUCTO Y ALCANTARILLADO,KM 27 VIA SOACHA - ZONA RURAL,{'url': 'https://community.secop.gov.co/Public/Tendering/OpportunityDetail/Index?noticeUID=CO1.NTC.5000019&isFromPublicArea=True'},317101458,317101458,297490872,34191901,0,318120520,1,0,1,1,12,25,60,60,JUNTA DE ACCION COMUNAL VEREDA LA ESPERANZA,GLORIA ESPERANZA NINO ARAUJO,DIANA CAROLINA ZAPATA TORO,800556677,49305836,52553801,33625056,CTA-BAN-0091823,5.0,0.125,1,1,0,0,0,0,0,1,0,0,1,0,0,0,0,0,0,0,0,0,0,0,0,0,0.587,0.382,6,1,1,empresas_independientes,1,2,15,111000000,0.033
CO1.PCCNTR.4000020,899999034,AGENCIA NACIONAL DE INFRAESTRUCTURA - ANI,CUNDINAMARCA,SOACHA,NACIONAL,CONSULTORIA,CONTRATACION DIRECTA,TERMINADO,81101500,2025-04-14,2025,2024-2027,ADECUACION DEL PARQUE PRINCIPAL Y ESPACIO PUBLICO ADYACENTE,KM 21 VIA SOACHA - ZONA RURAL,,385867847,385867847,232364539,43787774,0,,1,1,1,7,11,15,240,0,INGENIERIA Y OBRAS CIVILES SAS,LUZ MARINA CARDENAS OSPINA,LUZ MARINA CARDENAS OSPINA,900778899,98919366,95668892,70619353,CTA-BAN-0044517,3.0,0.075,0,1,0,0,0,0,0,0,0,0,0,0,0,1,0,0,0,0,0,0,0,1,0,0,0.881,0.776,9,1,1,comunitaria,1,0,1,111000000,0.077
CO1.PCCNTR.4000021,899999034,AGENCIA NACIONAL DE INFRAESTRUCTURA - ANI,CUNDINAMARCA,SOACHA,NACIONAL,OBRA,LICITACION PUBLICA,CELEBRADO,72151500,2021-06-13,2021,2020-2023,MANTENIMIENTO DE LA INFRAESTRUCTURA EDUCATIVA DE LA I.E. SANTO TOMAS,KM 4 VIA SOACHA - ZONA RURAL,{'url': 'https://community.secop.gov.co/Public/Tendering/OpportunityDetail/Index?noticeUID=CO1.NTC.5000021&isFromPublicArea=True'},75165815,75165815,44606196,1803645,0,70047848,1,0,0,1,7,21,180,30,JUNTA DE ACCION COMUNAL VEREDA LA ESPERANZA,HERNAN DARIO QUINTERO BEDOYA,HERNAN DARIO QUINTERO BEDOYA,800556677,94505779,94505779,44926716,CTA-BAN-0044517,6.0,0.15,1,1,0,1,0,0,0,0,0,0,0,1,0,0,0,0,0,1,0,0,0,0,0,0,0.204,0.451,3,4,1,consorcios,1,0,24,111000000,0.212
CO1.PCCNTR.4000022,899999034,AGENCIA NACIONAL DE INFRAESTRUCTURA - ANI,CUNDINAMARCA,SOACHA,NACIONAL,OBRA,CONTRATACION DIRECTA,LIQUIDADO,72141100,2025-07-09,2025,2024-2027,CONSTRUCCION DE PLACA HUELLA EN ZONA RURAL DEL MUNICIPIO,KM 12 VIA SOACHA - ZONA RURAL,{'url': 'https://community.secop.gov.co/Public/Tendering/OpportunityDetail/Index?noticeUID=CO1.NTC.5000022&isFromPublicArea=True'},94837055116,94837055116,39763303364,40556810532,0,94957900275,0,0,0,1,4,11,60,30,CONSTRUCTORA VIBORAL S.A.S.,LUZ MARINA CARDENAS OSPINA,ALVARO JOSE PENALOZA SIERRA,901667788,57310084,61012392,32269287,CTA-BAN-0091823,4.0,0.1,0,1,0,0,0,0,0,0,0,1,1,0,0,0,0,0,0,0,0,0,0,0,0,0,0.357,0.461,5,1,1,comunitaria,1,0,1,111000000,0.157
CO1.PCCNTR.4000023,800103913,E.S.E. HOSPITAL SAN RAFAEL,CUNDINAMARCA,SOACHA,TERRITORIAL,INTERVENTORIA,MINIMA CUANTIA,TERMINADO,72151500,2021-10-12,2021,2020-2023,MANTENIMIENTO DE LA INFRAESTRUCTURA EDUCATIVA DE LA I.E. SANTO TOMAS,KM 16 VIA SOACHA - ZONA RURAL,{'url': 'https://community.secop.gov.co/Public/Tendering/OpportunityDetail/Index?noticeUID=CO1.NTC.5000023&isFromPublicArea=True'},1521931794,1521931794,453141470,204813704,0,1189041038,0,0,1,2,3,22,240,0,MYG LINARES S.A.S.,ALVARO JOSE PENALOZA SIERRA,HERNAN DARIO QUINTERO BEDOYA,900412345,30235643,71278317,34611821,CTA-BAN-0077310,5.0,0.125,1,1,1,0,0,0,0,0,0,0,0,0,0,1,0,0,0,0,0,0,0,0,0,0,0.935,0.874,3,1,2,empresas_independientes,1,0,4,111000000,0.325
CO1.PCCNTR.4000024,800103913,E.S.E. HOSPITAL SAN RAFAEL,CUNDINAMARCA,SOACHA,TERRITORIAL,OBRA,CONCURSO DE MERITOS,LIQUIDADO,72151500,2024-09-13,2024,2024-2027,INTERVENTORIA TECNICA ADMINISTRATIVA Y FINANCIERA AL CONTRATO DE OBRA,KM 28 VIA SOACHA - ZONA RURAL,{'url': 'https://community.secop.gov.co/Public/Tendering/OpportunityDetail/Index?noticeUID=CO1.NTC.5000024&isFromPublicArea=True'},58639550231,58639550231,37938851174,16907795453,0,58656932403,0,1,1,1,8,9,240,296,JUNTA DE ACCION COMUNAL VEREDA LA ESPERANZA,JAIRO ANTONIO MENDOZA PALACIOS,LUZ MARINA CARDENAS OSPINA,800556677,10006961,93806092,72970410,CTA-BAN-0012004,6.0,0.15,1,1,1,0,0,0,0,0,0,0,1,0,0,0,0,0,0,0,1,0,0,0,0,0,0.893,0.748,11,1,5,empresas_independientes,1,0,15,111000000,0.31
CO1.PCCNTR.4000025,892000501,ALCALDIA MUNICIPAL DE PUERTO GAITAN,CUNDINAMARCA,SOACHA,TERRITORIAL,OBRA,MINIMA CUANTIA,EN EJECUCION,72151500,2025-03-07,2025,2024-2027,MANTENIMIENTO DE LA INFRAESTRUCTURA EDUCATIVA DE LA I.E. SANTO TOMAS,KM 39 VIA SOACHA - ZONA RURAL,{'url': 'https://community.secop.gov.co/Public/Tendering/OpportunityDetail/Index?noticeUID=CO1.NTC.5000025&isFromPublicArea=True'},76442937,76442937,33522214,28888790,22932881,69041221,0,1,1,1,7,1,120,150,JUNTA DE ACCION COMUNAL VEREDA LA ESPERANZA,DIANA CAROLINA ZAPATA TORO,DIANA CAROLINA ZAPATA TORO,800556677,65797591,65797591,61677486,CTA-BAN-0044517,7.0,0.175,2,1,0,1,0,1,0,0,0,0,0,0,0,0,0,1,0,0,0,0,0,0,0,0,0.788,0.329,12,1,1,consorcios,1,0,4,111000000,0.023
CO1.PCCNTR.4000026,899999063,SERVICIO NACIONAL DE APRENDIZAJE - SENA,CUNDINAMARCA,SOACHA,NACIONAL,OBRA,CONTRATACION DIRECTA,CELEBRADO,81101500,2024-02-19,2024,2024-2027,CONSTRUCCION DE PLACA HUELLA EN ZONA RURAL DEL MUNICIPIO,KM 38 VIA SOACHA - ZONA RURAL,{'url': 'https://community.secop.gov.co/Public/Tendering/OpportunityDetail/Index?noticeUID=CO1.NTC.5000026&isFromPublicArea=True'},312377251,312377251,242724478,39997811,93713175,249029269,0,0,1,7,12,29,60,60,JUNTA DE ACCION COMUNAL VEREDA LA ESPERANZA,GLORIA ESPERANZA NINO ARAUJO,OSCAR IVAN BETANCUR GIRALDO,800556677,56160104,30139923,55261033,CTA-BAN-0012004,3.0,0.075,1,1,0,0,0,1,0,0,0,0,0,0,0,0,0,0,0,0,0,0,0,0,0,0,0.897,0.843,1,1,1,consorcios,1,0,1,111000000,0.155
CO1.PCCNTR.4000027,899999034,AGENCIA NACIONAL DE INFRAESTRUCTURA - ANI,CUNDINAMARCA,SOACHA,NACIONAL,CONSULTORIA,CONTRATACION DIRECTA,EN EJECUCION,72151500,2024-03-12,2024,2024-2027,INTERVENTORIA TECNICA ADMINISTRATIVA Y FINANCIERA AL CONTRATO DE OBRA,KM 14 VIA SOACHA - ZONA RURAL,{'url': 'https://community.secop.gov.co/Public/Tendering/OpportunityDetail/Index?noticeUID=CO1.NTC.5000027&isFromPublicArea=True'},,455345571,147886054,50813685,0,464341498,0,1,0,1,8,7,90,30,GRUPO EMPRESARIAL DEL CARIBE SAS,HERNAN DARIO QUINTERO BEDOYA,MARTHA CECILIA ROJAS VILLAMIL,901445566,67922898,60269028,81091568,CTA-BAN-0091823,3.0,0.075,0,1,0,0,0,0,0,0,0,0,0,1,0,0,0,0,0,0,0,0,1,0,0,0,0.784,0.578,1,1,1,consorcios,1,0,1,111000000,0.194
CO1.PCCNTR.4000028,899999063,SERVICIO NACIONAL DE APRENDIZAJE - SENA,CUNDINAMARCA,SOACHA,NACIONAL,OBRA,MINIMA CUANTIA,TERMINADO,72151500,2021-10-21,2021,2020-2023,OPTIMIZACION DEL SISTEMA DE ACUEDUCTO Y ALCANTARILLADO,KM 8 VIA SOACHA - ZONA RURAL,{'url': 'https://community.secop.gov.co/Public/Tendering/OpportunityDetail/Index?noticeUID=CO1.NTC.5000028&isFromPublicArea=True'},6000000000000000000,92841744692,67166967881,30565446770,0,88420709231,0,0,0,1,7,20,60,0,CONSTRUCCIONES DEL NORTE LTDA,JAIRO ANTONIO MENDOZA PALACIOS,DIANA CAROLINA ZAPATA TORO,830112233,58185991,78571305,90833929,CTA-BAN-0077310,7.0,0.175,1,1,0,0,0,0,0,1,0,0,0,1,0,0,0,0,0,0,0,0,0,0,1,1,0.952,0.721,12,1,4,consorcios,1,2,4,111000000,0.232
CO1.PCCNTR.4000029,890801150,EMPRESA DE ACUEDUCTO Y ALCANTARILLADO E.S.P.,CUNDINAMARCA,SOACHA,TERRITORIAL,INTERVENTORIA,CONTRATACION DIRECTA,EN EJECUCION,72151500,2023-12-23,2023,2020-2023,MANTENIMIENTO DE LA INFRAESTRUCTURA EDUCATIVA DE LA I.E. SANTO TOMAS,KM 6 VIA SOACHA - ZONA RURAL,{'url': 'https://community.secop.gov.co/Public/Tendering/OpportunityDetail/Index?noticeUID=CO1.NTC.5000029&isFromPublicArea=True'},10693618401,10693618401,2311345058,141145789,0,10284086064,1,0,1,5,4,10,120,152,INGENIERIA Y OBRAS CIVILES SAS,SANDRA PATRICIA MOSQUERA RENTERIA,OSCAR IVAN BETANCUR GIRALDO,900778899,85529838,28259780,55330625,CTA-BAN-0077310,2.0,0.05,0,1,0,0,0,0,0,0,0,0,0,0,0,0,0,0,0,0,1,1,0,0,0,0,0.882,0.877,8,1,1,consorcios,1,0,1,111000000,0.185
CO1.PCCNTR.4000030,899999063,SERVICIO NACIONAL DE APRENDIZAJE - SENA,CUNDINAMARCA,SOACHA,NACIONAL,OBRA,CONCURSO DE MERITOS,EN EJECUCION,81101500,2022-09-26,2022,2020-2023,CONSTRUCCION DE PLACA HUELLA EN ZONA RURAL DEL MUNICIPIO,KM 16 VIA SOACHA - ZONA RURAL,{'url': 'https://community.secop.gov.co/Public/Tendering/OpportunityDetail/Index?noticeUID=CO1.NTC.5000030&isFromPublicArea=True'},2218051162,2218051162,1504966730,623189203,0,2221127173,1,0,1,1,12,26,90,30,INGENIERIA Y OBRAS CIVILES SAS,JAIRO ANTONIO MENDOZA PALACIOS,OSCAR IVAN BETANCUR GIRALDO,900778899,53076703,99445967,90539270,CTA-BAN-0012004,4.0,0.1,0,1,0,0,0,0,0,0,0,0,1,1,0,0,0,0,0,0,0,0,0,0,0,0,0.535,0.217,12,1,1,comunitaria,1,0,15,111000000,0.396
CO1.PCCNTR.4000031,890905211,MUNICIPIO DE EL BAGRE,CUNDINAMARCA,SOACHA,TERRITORIAL,OBRA,LICITACION PUBLICA,LIQUIDADO,81101500,2023-08-09,2023,2020-2023,MEJORAMIENTO DE VIA TERCIARIA EN LA VEREDA EL PORVENIR,KM 28 VIA SOACHA - ZONA RURAL,{'url': 'https://community.secop.gov.co/Public/Tendering/OpportunityDetail/Index?noticeUID=CO1.NTC.5000031&isFromPublicArea=True'},6000000000000000000,39735815,31587755,13903777,14622923,37843634,0,0,1,5,3,15,60,100,MYG LINARES S.A.S.,HERNAN DARIO QUINTERO BEDOYA,ALVARO JOSE PENALOZA SIERRA,900412345,35398939,71477867,17886862,CTA-BAN-0012004,5.0,0.125,1,1,0,0,0,1,0,0,0,0,0,0,0,0,0,0,0,0,1,0,0,0,1,0,0.858,0.551,8,1,1,empresas_independientes,1,0,24,111000000,0.166
CO1.PCCNTR.4000032,891680011,GOBERNACION DEL CHOCO,CUNDINAMARCA,SOACHA,DEPARTAMENTAL,APP,CONTRATACION DIRECTA,EN EJECUCION,81101500,2023-12-30,2023,2020-2023,INTERVENTORIA TECNICA ADMINISTRATIVA Y FINANCIERA AL CONTRATO DE OBRA,KM 31 VIA SOACHA - ZONA RURAL,{'url': 'https://community.secop.gov.co/Public/Tendering/OpportunityDetail/Index?noticeUID=CO1.NTC.5000032&isFromPublicArea=True'},318267096,318267096,203605075,101359746,0,240496257,1,0,1,1,11,7,90,60,JUNTA DE ACCION COMUNAL VEREDA LA ESPERANZA,ALVARO JOSE PENALOZA SIERRA,WILSON ALBERTO GUERRERO PAZ,800556677,53350712,28001001,78026176,CTA-BAN-0091823,3.0,0.075,0,1,0,0,0,0,0,0,0,0,0,0,1,0,0,0,0,0,0,1,0,0,0,0,0.56,0.744,4,1,1,comunitaria,15,0,1,111000000,0.181
CO1.PCCNTR.4000033,899999034,AGENCIA NACIONAL DE INFRAESTRUCTURA - ANI,CUNDINAMARCA,SOACHA,NACIONAL,OBRA,CONTRATACION DIRECTA,LIQUIDADO,72141100,2022-03-18,2022,2020-2023,INTERVENTORIA TECNICA ADMINISTRATIVA Y FINANCIERA AL CONTRATO DE OBRA,KM 28 VIA SOACHA - ZONA RURAL,{'url': 'https://community.secop.gov.co/Public/Tendering/OpportunityDetail/Index?noticeUID=CO1.NTC.5000033&isFromPublicArea=True'},1847741328,1847741328,851152785,775604146,923870664,1536267470,0,0,1,6,9,14,120,0,INGENIERIA Y OBRAS CIVILES SAS,OSCAR IVAN BETANCUR GIRALDO,WILSON ALBERTO GUERRERO PAZ,900778899,37833136,48290726,76079206,CTA-BAN-0012004,5.0,0.125,0,1,0,0,0,0,1,0,0,0,0,0,0,1,0,0,1,0,0,0,0,0,0,0,0.943,0.889,63,1,1,empresas_independientes,1,0,1,111000000,0.153
CO1.PCCNTR.4000034,892000501,ALCALDIA MUNICIPAL DE PUERTO GAITAN,CUNDINAMARCA,SOACHA,TERRITORIAL,OBRA,CONTRATACION DIRECTA,EN EJECUCION,72151500,2024-10-13,2024,2024-2027,MEJORAMIENTO DE VIA TERCIARIA EN LA VEREDA EL PORVENIR,KM 2 VIA SOACHA - ZONA RURAL,{'url': 'https://community.secop.gov.co/Public/Tendering/OpportunityDetail/Index?noticeUID=CO1.NTC.5000034&isFromPublicArea=True'},2044603557,2044603557,2014471232,392697809,0,1846914205,0,0,1,3,4,6,60,0,CONSORCIO VIAS DEL SUR,WILSON ALBERTO GUERRERO PAZ,MARTHA CECILIA ROJAS VILLAMIL,901223344,90563686,66662952,21248134,CTA-BAN-0077310,3.0,0.075,0,1,0,0,0,0,0,0,0,1,0,0,0,0,0,1,0,0,0,0,0,0,0,0,0.655,0.109,2,1,1,consorcios,1,0,24,111000000,0.02
CO1.PCCNTR.4000035,890905211,MUNICIPIO DE EL BAGRE,CUNDINAMARCA,SOACHA,TERRITORIAL,OBRA,CONTRATACION DIRECTA,LIQUIDADO,72151500,2023-02-12,2023,2020-2023,ADECUACION DEL PARQUE PRINCIPAL Y ESPACIO PUBLICO ADYACENTE,KM 6 VIA SOACHA - ZONA RURAL,,7802956041,7802956041,8013009077,0,0,,1,0,0,3,6,15,120,30,INTERVENTORIAS TECNICAS ANDINAS S.A.,HERNAN DARIO QUINTERO BEDOYA,HERNAN DARIO QUINTERO BEDOYA,860334455,73587500,73587500,76892236,CTA-BAN-0091823,8.0,0.2,2,1,0,1,1,0,0,0,0,0,0,0,0,0,0,0,1,0,0,0,0,1,0,0,0.374,0.332,125,1,1,empresas_independientes,1,0,1,111000000,0.035
CO1.PCCNTR.4000036,890801150,EMPRESA DE ACUEDUCTO Y ALCANTARILLADO E.S.P.,CUNDINAMARCA,SOACHA,TERRITORIAL,CONSULTORIA,SELECCION ABREVIADA,CELEBRADO,72151500,2021-03-21,2021,2020-2023,CONSTRUCCION DE PLACA HUELLA EN ZONA RURAL DEL MUNICIPIO,KM 27 VIA SOACHA - ZONA RURAL,{'url': 'https://community.secop.gov.co/Public/Tendering/OpportunityDetail/Index?noticeUID=CO1.NTC.5000036&isFromPublicArea=True'},14149457070,14149457070,15097768962,0,0,14052597264,0,1,1,1,10,3,120,150,CONSTRUCCIONES DEL NORTE LTDA,GLORIA ESPERANZA NINO ARAUJO,MARTHA CECILIA ROJAS VILLAMIL,830112233,27996651,48129875,21986056,CTA-BAN-0091823,8.0,0.2,1,1,0,0,1,0,0,0,0,0,0,1,0,1,0,1,0,0,0,0,0,0,0,0,0.976,0.953,8,1,1,comunitaria,1,0,12,111000000,0.071
CO1.PCCNTR.4000037,890801150,EMPRESA DE ACUEDUCTO Y ALCANTARILLADO E.S.P.,CUNDINAMARCA,SOACHA,TERRITORIAL,CONSULTORIA,LICITACION PUBLICA,LIQUIDADO,72151500,2017-03-20,2017,2016-2019,INTERVENTORIA TECNICA ADMINISTRATIVA Y FINANCIERA AL CONTRATO DE OBRA,KM 21 VIA SOACHA - ZONA RURAL,{'url': 'https://community.secop.gov.co/Public/Tendering/OpportunityDetail/Index?noticeUID=CO1.NTC.5000037&isFromPublicArea=True'},2182292561,2182292561,690818880,914218679,0,2197336294,1,1,1,3,11,27,90,0,UNION TEMPORAL PROGRESO 2024,ALVARO JOSE PENALOZA SIERRA,ALVARO JOSE PENALOZA SIERRA,900990011,25672742,25672742,18311019,CTA-BAN-0044517,3.0,0.075,1,1,0,1,0,0,0,0,0,0,0,0,0,0,0,0,0,0,0,0,0,0,0,0,0.271,0.943,11,1,1,comunitaria,1,0,24,111000000,0.254
CO1.PCCNTR.4000038,899999061,INSTITUTO DE INFRAESTRUCTURA Y CONCESIONES DE CUNDINAMARCA - ICCU,CUNDINAMARCA,SOACHA,DEPARTAMENTAL,OBRA,MINIMA CUANTIA,LIQUIDADO,72141100,2022-11-08,2022,2020-2023,OPTIMIZACION DEL SISTEMA DE ACUEDUCTO Y ALCANTARILLADO,KM 15 VIA SOACHA - ZONA RURAL,{'url': 'https://community.secop.gov.co/Public/Tendering/OpportunityDetail/Index?noticeUID=CO1.NTC.5000038&isFromPublicArea=True'},79056830626,79056830626,76849582349,14434827409,0,76572765056,0,0,0,1,7,6,90,0,INTERVENTORIAS TECNICAS ANDINAS S.A.,GLORIA ESPERANZA NINO ARAUJO,ALVARO JOSE PENALOZA SIERRA,860334455,22600014,97430396,62649682,CTA-BAN-0091823,2.0,0.05,0,1,0,0,0,0,0,0,0,0,0,0,0,1,0,0,0,0,0,0,0,0,0,0,0.996,0.992,6,1,1,empresas_independientes,1,0,4,111000000,0.342
CO1.PCCNTR.4000039,890905211,MUNICIPIO DE EL BAGRE,CUNDINAMARCA,SOACHA,TERRITORIAL,INTERVENTORIA,SELECCION ABREVIADA,EN EJECUCION,72151500,2025-12-16,2025,2024-2027,MANTENIMIENTO DE LA INFRAESTRUCTURA EDUCATIVA DE LA I.E. SANTO TOMAS,KM 33 VIA SOACHA - ZONA RURAL,{'url': 'https://community.secop.gov.co/Public/Tendering/OpportunityDetail/Index?noticeUID=CO1.NTC.5000039&isFromPublicArea=True'},6000000000000000000,8637814743,5989148374,3152253774,0,8226490232,1,0,0,2,4,11,120,150,CONSTRUCCIONES DEL NORTE LTDA,ALVARO JOSE PENALOZA SIERRA,ALVARO JOSE PENALOZA SIERRA,830112233,46737933,42294273,35330636,CTA-BAN-0091823,1.0,0.025,0,1,0,0,0,0,0,0,0,0,0,0,0,0,0,0,0,0,0,0,0,0,1,0,0.493,0.42,2,1,1,empresas_independientes,1,0,12,111000000,0.103
CO1.PCCNTR.4000040,890801150,EMPRESA DE ACUEDUCTO Y ALCANTARILLADO E.S.P.,CUNDINAMARCA,SOACHA,TERRITORIAL,OBRA,CONTRATACION DIRECTA,EN EJECUCION,72151500,2023-10-10,2023,2020-2023,CONSTRUCCION DE PLACA HUELLA EN ZONA RURAL DEL MUNICIPIO,KM 35 VIA SOACHA - ZONA RURAL,{'url': 'https://community.secop.gov.co/Public/Tendering/OpportunityDetail/Index?noticeUID=CO1.NTC.5000040&isFromPublicArea=True'},2233445465,2233445465,2286087321,0,670033639,2225242393,0,0,1,5,6,7,90,0,UNION TEMPORAL PROGRESO 2024,WILSON ALBERTO GUERRERO PAZ,DIANA CAROLINA ZAPATA TORO,900990011,64289431,21390856,75251315,CTA-BAN-0077310,8.0,0.2,2,1,0,0,1,1,0,0,0,1,0,0,0,0,0,0,0,0,0,0,0,0,0,0,0.722,0.435,9,1,1,comunitaria,1,0,4,111000000,0.264
CO1.PCCNTR.4000041,890801150,EMPRESA DE ACUEDUCTO Y ALCANTARILLADO E.S.P.,CUNDINAMARCA,SOACHA,TERRITORIAL,CONCESION,CONTRATACION DIRECTA,LIQUIDADO,81101500,2019-08-08,2019,2016-2019,ADECUACION DEL PARQUE PRINCIPAL Y ESPACIO PUBLICO ADYACENTE,KM 8 VIA SOACHA - ZONA RURAL,{'url': 'https://community.secop.gov.co/Public/Tendering/OpportunityDetail/Index?noticeUID=CO1.NTC.5000041&isFromPublicArea=True'},404490349,404490349,108764063,12124325,0,341417533,0,1,1,3,4,3,180,30,CONSORCIO VIAS DEL SUR,JAIRO ANTONIO MENDOZA PALACIOS,JAIRO ANTONIO MENDOZA PALACIOS,901223344,80212569,80212569,55455045,CTA-BAN-0077310,6.0,0.15,2,1,0,1,0,0,0,1,0,0,0,0,0,0,0,0,0,0,0,0,0,0,0,0,0.354,0.635,7,1,1,empresas_independientes,1,4,1,111000000,0.182
CO1.PCCNTR.4000042,890801150,EMPRESA DE ACUEDUCTO Y ALCANTARILLADO E.S.P.,CUNDINAMARCA,SOACHA,TERRITORIAL,OBRA,MINIMA CUANTIA,LIQUIDADO,81101500,2019-11-03,2019,2016-2019,MEJORAMIENTO DE VIA TERCIARIA EN LA VEREDA EL PORVENIR,KM 10 VIA SOACHA - ZONA RURAL,{'url': 'https://community.secop.gov.co/Public/Tendering/OpportunityDetail/Index?noticeUID=CO1.NTC.5000042&isFromPublicArea=True'},59376096,59376096,41416441,30111851,17812828,44519789,1,0,1,5,11,7,120,0,JUNTA DE ACCION COMUNAL VEREDA LA ESPERANZA,GLORIA ESPERANZA NINO ARAUJO,,800556677,27391533,,69465471,CTA-BAN-0077310,8.0,0.2,2,1,0,1,0,1,0,0,0,0,0,0,0,0,0,0,0,1,0,0,1,0,0,0,0.616,0.773,10,5,1,consorcios,1,0,4,111000000,0.334
CO1.PCCNTR.4000043,892000501,ALCALDIA MUNICIPAL DE PUERTO GAITAN,CUNDINAMARCA,SOACHA,TERRITORIAL,INTERVENTORIA,CONTRATACION DIRECTA,CELEBRADO,72151500,2022-09-04,2022,2020-2023,OPTIMIZACION DEL SISTEMA DE ACUEDUCTO Y ALCANTARILLADO,KM 19 VIA SOACHA - ZONA RURAL,{'url': 'https://community.secop.gov.co/Public/Tendering/OpportunityDetail/Index?noticeUID=CO1.NTC.5000043&isFromPublicArea=True'},71930328748,71930328748,65301841726,20221084005,0,69866704225,1,0,0,7,8,2,60,114,INGENIERIA Y OBRAS CIVILES SAS,ALVARO JOSE PENALOZA SIERRA,OSCAR IVAN BETANCUR GIRALDO,900778899,15229307,76053670,18542553,CTA-BAN-0044517,5.0,0.125,1,1,1,0,0,0,0,0,0,0,0,0,0,0,0,0,1,0,1,0,0,0,0,0,0.327,0.471,41,1,2,empresas_independientes,1,0,1,111000000,0.107
CO1.PCCNTR.4000044,890905211,MUNICIPIO DE EL BAGRE,CUNDINAMARCA,SOACHA,TERRITORIAL,OBRA,CONTRATACION DIRECTA,EN EJECUCION,72141100,2019-12-26,2019,2016-2019,INTERVENTORIA TECNICA ADMINISTRATIVA Y FINANCIERA AL CONTRATO DE OBRA,KM 6 VIA SOACHA - ZONA RURAL,{'url': 'https://community.secop.gov.co/Public/Tendering/OpportunityDetail/Index?noticeUID=CO1.NTC.5000044&isFromPublicArea=True'},284445788,284445788,117741786,45239880,85333736,234605634,1,1,1,1,6,5,180,30,CONSTRUCCIONES DEL NORTE LTDA,DIANA CAROLINA ZAPATA TORO,LUZ MARINA CARDENAS OSPINA,830112233,76832136,61651582,66849931,CTA-BAN-0077310,6.0,0.15,1,1,0,0,0,1,0,0,1,0,0,0,0,0,0,0,0,0,0,1,0,0,0,0,0.802,0.912,4,1,1,consorcios,1,0,1,111000000,0.213
CO1.PCCNTR.4000045,891680011,GOBERNACION DEL CHOCO,CUNDINAMARCA,SOACHA,DEPARTAMENTAL,OBRA,CONCURSO DE MERITOS,CELEBRADO,81101500,2025-01-21,2025,2024-2027,MEJORAMIENTO DE VIA TERCIARIA EN LA VEREDA EL PORVENIR,KM 21 VIA SOACHA - ZONA RURAL,{'url': 'https://community.secop.gov.co/Public/Tendering/OpportunityDetail/Index?noticeUID=CO1.NTC.5000045&isFromPublicArea=True'},66943228837,66943228837,26926878640,39986621690,0,52257571010,0,1,0,6,8,25,120,150,INTERVENTORIAS TECNICAS ANDINAS S.A.,WILSON ALBERTO GUERRERO PAZ,WILSON ALBERTO GUERRERO PAZ,860334455,98802658,98802658,78955759,CTA-BAN-0012004,3.0,0.075,1,1,0,1,0,0,0,0,0,0,0,0,0,0,0,0,0,0,0,0,0,0,0,0,0.47,0.117,8,1,1,empresas_independientes,1,0,15,111000000,0.067
CO1.PCCNTR.4000046,890801150,EMPRESA DE ACUEDUCTO Y ALCANTARILLADO E.S.P.,CUNDINAMARCA,SOACHA,TERRITORIAL,OBRA,CONTRATACION DIRECTA,CELEBRADO,72141100,2024-10-10,2024,2024-2027,ADECUACION DEL PARQUE PRINCIPAL Y ESPACIO PUBLICO ADYACENTE,KM 14 VIA SOACHA - ZONA RURAL,{'url': 'https://community.secop.gov.co/Public/Tendering/OpportunityDetail/Index?noticeUID=CO1.NTC.5000046&isFromPublicArea=True'},402501380,402501380,480647931,0,0,399425280,0,1,1,5,12,1,240,0,INGENIERIA Y OBRAS CIVILES SAS,WILSON ALBERTO GUERRERO PAZ,MARTHA CECILIA ROJAS VILLAMIL,900778899,35632670,77343419,81066080,CTA-BAN-0044517,5.0,0.125,1,1,0,0,1,0,0,0,0,1,0,0,0,0,0,0,0,0,0,0,0,0,0,0,0.971,0.595,8,1,1,consorcios,1,0,1,111000000,0.262
CO1.PCCNTR.4000047,899999061,INSTITUTO DE INFRAESTRUCTURA Y CONCESIONES DE CUNDINAMARCA - ICCU,CUNDINAMARCA,SOACHA,DEPARTAMENTAL,OBRA,LICITACION PUBLICA,TERMINADO,72141100,2017-11-21,2017,2016-2019,CONSTRUCCION DE PLACA HUELLA EN ZONA RURAL DEL MUNICIPIO,KM 5 VIA SOACHA - ZONA RURAL,{'url': 'https://community.secop.gov.co/Public/Tendering/OpportunityDetail/Index?noticeUID=CO1.NTC.5000047&isFromPublicArea=True'},40887379,40887379,28217150,22362898,0,35809461,0,1,1,3,4,6,120,0,INGENIERIA Y OBRAS CIVILES SAS,OSCAR IVAN BETANCUR GIRALDO,WILSON ALBERTO GUERRERO PAZ,900778899,94033392,40012505,71455975,CTA-BAN-0012004,1.0,0.025,0,1,0,0,0,0,0,0,0,0,0,0,0,0,0,0,0,1,0,0,0,0,0,0,0.667,0.695,1,3,1,consorcios,1,0,24,111000000,0.132
CO1.PCCNTR.4000048,899999034,AGENCIA NACIONAL DE INFRAESTRUCTURA - ANI,CUNDINAMARCA,SOACHA,NACIONAL,OBRA,CONTRATACION DIRECTA,TERMINADO,72141100,2017-04-05,2017,2016-2019,OPTIMIZACION DEL SISTEMA DE ACUEDUCTO Y ALCANTARILLADO,KM 40 VIA SOACHA - ZONA RURAL,{'url': 'https://community.secop.gov.co/Public/Tendering/OpportunityDetail/Index?noticeUID=CO1.NTC.5000048&isFromPublicArea=True'},302021634,302021634,295667000,17496875,0,272649970,0,1,1,7,5,15,120,30,JUNTA DE ACCION COMUNAL VEREDA LA ESPERANZA,MARTHA CECILIA ROJAS VILLAMIL,HERNAN DARIO QUINTERO BEDOYA,800556677,11121248,86922331,85252502,CTA-BAN-0012004,3.0,0.075,1,1,1,0,0,0,0,0,0,0,0,0,0,0,0,0,0,0,0,0,0,0,0,0,0.67,0.722,1,1,5,empresas_independientes,1,0,1,111000000,0.087
CO1.PCCNTR.4000049,899999063,SERVICIO NACIONAL DE APRENDIZAJE - SENA,CUNDINAMARCA,SOACHA,NACIONAL,OBRA,CONTRATACION DIRECTA,EN EJECUCION,81101500,2021-06-11,2021,2020-2023,MEJORAMIENTO DE VIA TERCIARIA EN LA VEREDA EL PORVENIR,KM 23 VIA SOACHA - ZONA RURAL,{'url': 'https://community.secop.gov.co/Public/Tendering/OpportunityDetail/Index?noticeUID=CO1.NTC.5000049&isFromPublicArea=True'},,76453649989,22773075958,37301995026,22936094996,59151069871,0,1,1,6,9,2,180,30,CONSTRUCCIONES DEL NORTE LTDA,HERNAN DARIO QUINTERO BEDOYA,OSCAR IVAN BETANCUR GIRALDO,830112233,51709176,26078464,35009715,CTA-BAN-0044517,9.0,0.225,2,1,0,0,0,1,0,1,0,1,0,0,0,0,0,0,0,0,0,0,1,0,0,0,0.891,0.485,2,1,1,comunitaria,1,6,15,111000000,0.337
CO1.PCCNTR.4000050,899999063,SERVICIO NACIONAL DE APRENDIZAJE - SENA,CUNDINAMARCA,SOACHA,NACIONAL,OBRA,CONTRATACION DIRECTA,CELEBRADO,72151500,2025-02-23,2025,2024-2027,MANTENIMIENTO DE LA INFRAESTRUCTURA EDUCATIVA DE LA I.E. SANTO TOMAS,KM 31 VIA SOACHA - ZONA RURAL,{'url': 'https://community.secop.gov.co/Public/Tendering/OpportunityDetail/Index?noticeUID=CO1.NTC.5000050&isFromPublicArea=True'},54965256770,54965256770,64376873015,0,16489577031,49541368141,0,0,1,7,9,30,240,60,CONSTRUCCIONES DEL NORTE LTDA,OSCAR IVAN BETANCUR GIRALDO,LUZ MARINA CARDENAS OSPINA,830112233,88419212,39067456,31500507,CTA-BAN-0012004,8.0,0.2,2,1,0,0,1,1,0,0,0,1,0,0,0,0,0,0,0,0,0,0,0,0,0,0,0.853,0.883,12,1,1,consorcios,1,0,1,111000000,0.146
CO1.PCCNTR.4000051,899999061,INSTITUTO DE INFRAESTRUCTURA Y CONCESIONES DE CUNDINAMARCA - ICCU,CUNDINAMARCA,SOACHA,DEPARTAMENTAL,OBRA,MINIMA CUANTIA,EN EJECUCION,81101500,2024-11-04,2024,2024-2027,INTERVENTORIA TECNICA ADMINISTRATIVA Y FINANCIERA AL CONTRATO DE OBRA,KM 24 VIA SOACHA - ZONA RURAL,{'url': 'https://community.secop.gov.co/Public/Tendering/OpportunityDetail/Index?noticeUID=CO1.NTC.5000051&isFromPublicArea=True'},460503170,460503170,108657662,221873650,0,470844813,1,0,0,1,12,23,60,150,GRUPO EMPRESARIAL DEL CARIBE SAS,LUZ MARINA CARDENAS OSPINA,GLORIA ESPERANZA NINO ARAUJO,901445566,45663711,87946993,70278070,CTA-BAN-0044517,4.0,0.1,0,1,0,0,0,0,0,0,0,0,0,1,1,0,0,0,0,0,0,0,0,0,0,0,0.496,0.581,11,1,1,empresas_independientes,5,0,4,111000000,0.075
CO1.PCCNTR.4000052,892000501,ALCALDIA MUNICIPAL DE PUERTO GAITAN,CUNDINAMARCA,SOACHA,TERRITORIAL,OBRA,LICITACION PUBLICA,CELEBRADO,72141100,2023-12-22,2023,2020-2023,ADECUACION DEL PARQUE PRINCIPAL Y ESPACIO PUBLICO ADYACENTE,KM 31 VIA SOACHA - ZONA RURAL,{'url': 'https://community.secop.gov.co/Public/Tendering/OpportunityDetail/Index?noticeUID=CO1.NTC.5000052&isFromPublicArea=True'},1772232860,1772232860,2156620536,0,0,1741835034,0,1,0,1,11,28,240,30,MYG LINARES S.A.S.,ALVARO JOSE PENALOZA SIERRA,MARTHA CECILIA ROJAS VILLAMIL,900412345,26860218,12800451,96380262,CTA-BAN-0077310,4.0,0.1,1,1,0,0,1,0,0,0,0,0,0,0,0,0,0,0,0,0,0,1,0,0,0,0,0.79,0.25,12,1,1,consorcios,1,0,24,111000000,0.33
CO1.PCCNTR.4000053,800103913,E.S.E. HOSPITAL SAN RAFAEL,CUNDINAMARCA,SOACHA,TERRITORIAL,OBRA,SELECCION ABREVIADA,TERMINADO,81101500,2025-01-17,2025,2024-2027,ADECUACION DEL PARQUE PRINCIPAL Y ESPACIO PUBLICO ADYACENTE,KM 33 VIA SOACHA - ZONA RURAL,{'url': 'https://community.secop.gov.co/Public/Tendering/OpportunityDetail/Index?noticeUID=CO1.NTC.5000053&isFromPublicArea=True'},65391570,65391570,56164234,19942367,19617471,65493360,0,0,0,1,2,4,120,0,UNION TEMPORAL PROGRESO 2024,HERNAN DARIO QUINTERO BEDOYA,SANDRA PATRICIA MOSQUERA RENTERIA,900990011,49032492,84839592,51987379,CTA-BAN-0077310,8.0,0.2,2,1,1,0,0,1,0,0,0,0,1,0,0,0,0,0,0,0,0,0,0,0,0,0,0.336,0.743,2,1,3,empresas_independientes,1,0,12,111000000,0.041
CO1.PCCNTR.4000054,890801150,EMPRESA DE ACUEDUCTO Y ALCANTARILLADO E.S.P.,CUNDINAMARCA,SOACHA,TERRITORIAL,OBRA,CONTRATACION DIRECTA,EN EJECUCION,72141100,2021-07-10,2021,2020-2023,ADECUACION DEL PARQUE PRINCIPAL Y ESPACIO PUBLICO ADYACENTE,KM 1 VIA SOACHA - ZONA RURAL,{'url': 'https://community.secop.gov.co/Public/Tendering/OpportunityDetail/Index?noticeUID=CO1.NTC.5000054&isFromPublicArea=True'},434965322,434965322,359924427,186211195,0,360820049,0,0,0,5,7,4,180,0,CONSORCIO VIAS DEL SUR,LUZ MARINA CARDENAS OSPINA,ALVARO JOSE PENALOZA SIERRA,901223344,73820923,98032258,63280876,CTA-BAN-0012004,5.0,0.125,1,1,1,0,0,0,0,0,0,1,0,0,0,0,0,0,0,0,0,0,0,0,0,0,0.282,0.35,2,1,5,empresas_independientes,1,0,24,111000000,0.303
CO1.PCCNTR.4000055,800103913,E.S.E. HOSPITAL SAN RAFAEL,CUNDINAMARCA,SOACHA,TERRITORIAL,CONSULTORIA,LICITACION PUBLICA,LIQUIDADO,72151500,2021-11-16,2021,2020-2023,INTERVENTORIA TECNICA ADMINISTRATIVA Y FINANCIERA AL CONTRATO DE OBRA,KM 26 VIA SOACHA - ZONA RURAL,{'url': 'https://community.secop.gov.co/Public/Tendering/OpportunityDetail/Index?noticeUID=CO1.NTC.5000055&isFromPublicArea=True'},87769573807,87769573807,62496794743,6903998174,0,71903424457,0,0,1,3,2,19,180,0,UNION TEMPORAL PROGRESO 2024,ALVARO JOSE PENALOZA SIERRA,HERNAN DARIO QUINTERO BEDOYA,900990011,14775392,39479948,94385728,CTA-BAN-0044517,3.0,0.075,1,1,0,0,0,0,0,1,0,0,0,0,0,0,0,0,0,0,0,0,0,0,0,0,0.234,0.786,9,1,1,empresas_independientes,1,3,24,111000000,0.148
CO1.PCCNTR.4000056,890801150,EMPRESA DE ACUEDUCTO Y ALCANTARILLADO E.S.P.,CUNDINAMARCA,SOACHA,TERRITORIAL,INTERVENTORIA,MINIMA CUANTIA,TERMINADO,72141100,2025-05-17,2025,2024-2027,MANTENIMIENTO DE LA INFRAESTRUCTURA EDUCATIVA DE LA I.E. SANTO TOMAS,KM 5 VIA SOACHA - ZONA RURAL,{'url': 'https://community.secop.gov.co/Public/Tendering/OpportunityDetail/Index?noticeUID=CO1.NTC.5000056&isFromPublicArea=True'},108821626,108821626,6619421719,324482238,0,6836468745,0,1,0,3,2,19,240,0,CONSTRUCCIONES DEL NORTE LTDA,JAIRO ANTONIO MENDOZA PALACIOS,WILSON ALBERTO GUERRERO PAZ,830112233,85970772,92177586,77988187,CTA-BAN-0044517,8.0,0.2,2,1,1,0,0,0,0,1,0,0,0,0,0,0,1,0,0,0,0,0,0,0,0,0,0.984,0.752,4,1,2,empresas_independientes,1,5,4,111000000,0.089
CO1.PCCNTR.4000057,899999061,INSTITUTO DE INFRAESTRUCTURA Y CONCESIONES DE CUNDINAMARCA - ICCU,CUNDINAMARCA,SOACHA,DEPARTAMENTAL,OBRA,SELECCION ABREVIADA,TERMINADO,81101500,2022-12-08,2022,2020-2023,ADECUACION DEL PARQUE PRINCIPAL Y ESPACIO PUBLICO ADYACENTE,KM 29 VIA SOACHA - ZONA RURAL,{'url': 'https://community.secop.gov.co/Public/Tendering/OpportunityDetail/Index?noticeUID=CO1.NTC.5000057&isFromPublicArea=True'},7985088028,7985088028,6501183357,592564090,0,7142462054,1,0,0,4,6,3,240,150,MYG LINARES S.A.S.,SANDRA PATRICIA MOSQUERA RENTERIA,LUZ MARINA CARDENAS OSPINA,900412345,46813114,17957953,95490131,CTA-BAN-0077310,4.0,0.1,1,1,0,0,0,0,0,1,0,0,0,0,0,0,0,1,0,0,0,0,0,0,0,0,0.791,0.688,10,1,1,consorcios,1,4,12,111000000,0.371
CO1.PCCNTR.4000058,899999034,AGENCIA NACIONAL DE INFRAESTRUCTURA - ANI,CUNDINAMARCA,SOACHA,NACIONAL,OBRA,CONTRATACION DIRECTA,EN EJECUCION,72141100,2019-09-13,2019,2016-2019,ADECUACION DEL PARQUE PRINCIPAL Y ESPACIO PUBLICO ADYACENTE,KM 33 VIA SOACHA - ZONA RURAL,,314937340,314937340,148654853,179660372,0,,0,1,1,5,11,19,90,0,CONSTRUCTORA VIBORAL S.A.S.,JAIRO ANTONIO MENDOZA PALACIOS,HERNAN DARIO QUINTERO BEDOYA,,22436766,31604504,59065185,CTA-BAN-0012004,5.0,0.125,0,1,0,0,0,0,0,0,0,1,0,0,0,0,0,0,1,0,0,0,1,1,0,0,0.329,0.382,31,1,1,consorcios,1,0,4,111000000,0.069
CO1.PCCNTR.4000059,899999063,SERVICIO NACIONAL DE APRENDIZAJE - SENA,CUNDINAMARCA,SOACHA,NACIONAL,OBRA,SELECCION ABREVIADA,EN EJECUCION,72151500,2017-01-25,2017,2016-2019,INTERVENTORIA TECNICA ADMINISTRATIVA Y FINANCIERA AL CONTRATO DE OBRA,KM 10 VIA SOACHA - ZONA RURAL,{'url': 'https://community.secop.gov.co/Public/Tendering/OpportunityDetail/Index?noticeUID=CO1.NTC.5000059&isFromPublicArea=True'},89551438637,89551438637,31904010076,33844108620,0,72629544445,0,1,0,4,3,3,60,0,MYG PUERRES S.A.S.,LUZ MARINA CARDENAS OSPINA,MARTHA CECILIA ROJAS VILLAMIL,901556677,30500259,44051012,60278732,CTA-BAN-0012004,2.0,0.05,0,1,0,0,0,0,0,0,0,0,0,0,0,1,0,0,0,0,0,0,0,0,0,0,0.94,0.884,4,1,1,consorcios,1,0,12,111000000,0.285
CO1.PCCNTR.4000060,899999063,SERVICIO NACIONAL DE APRENDIZAJE - SENA,CUNDINAMARCA,SOACHA,NACIONAL,OBRA,SELECCION ABREVIADA,TERMINADO,72141100,2021-08-18,2021,2020-2023,MEJORAMIENTO DE VIA TERCIARIA EN LA VEREDA EL PORVENIR,KM 37 VIA SOACHA - ZONA RURAL,{'url': 'https://community.secop.gov.co/Public/Tendering/OpportunityDetail/Index?noticeUID=CO1.NTC.5000060&isFromPublicArea=True'},7887654411,7887654411,2340835056,4102171749,0,5957130724,0,1,0,1,4,14,240,0,MYG PUERRES S.A.S.,ALVARO JOSE PENALOZA SIERRA,ALVARO JOSE PENALOZA SIERRA,901556677,36403787,36403787,77716929,CTA-BAN-0077310,5.0,0.125,1,1,0,1,0,0,0,0,0,0,0,0,0,1,0,0,0,0,0,0,0,0,0,0,0.867,0.752,4,1,1,empresas_independientes,1,0,12,111000000,0.318
CO1.PCCNTR.4000061,891680011,GOBERNACION DEL CHOCO,CUNDINAMARCA,SOACHA,DEPARTAMENTAL,INTERVENTORIA,LICITACION PUBLICA,CELEBRADO,72141100,2019-10-01,2019,2016-2019,INTERVENTORIA TECNICA ADMINISTRATIVA Y FINANCIERA AL CONTRATO DE OBRA,KM 31 VIA SOACHA - ZONA RURAL,{'url': 'https://community.secop.gov.co/Public/Tendering/OpportunityDetail/Index?noticeUID=CO1.NTC.5000061&isFromPublicArea=True'},93743089948,93743089948,102429528480,0,0,76575710432,1,1,0,5,7,11,90,0,INTERVENTORIAS TECNICAS ANDINAS S.A.,SANDRA PATRICIA MOSQUERA RENTERIA,,860334455,78992257,,94947079,CTA-BAN-0044517,6.0,0.15,1,1,0,0,1,0,0,0,0,0,0,0,1,0,0,0,0,0,0,0,1,0,0,0,0.664,0.109,4,1,1,empresas_independientes,19,0,24,111000000,0.365
CO1.PCCNTR.4000062,899999034,AGENCIA NACIONAL DE INFRAESTRUCTURA - ANI,CUNDINAMARCA,SOACHA,NACIONAL,CONSULTORIA,CONCURSO DE MERITOS,TERMINADO,72141100,2024-06-25,2024,2024-2027,ADECUACION DEL PARQUE PRINCIPAL Y ESPACIO PUBLICO ADYACENTE,KM 40 VIA SOACHA - ZONA RURAL,{'url': 'https://community.secop.gov.co/Public/Tendering/OpportunityDetail/Index?noticeUID=CO1.NTC.5000062&isFromPublicArea=True'},6000000000000000000,1774387979,526318504,70460847,0,1689893314,0,1,1,5,1,3,60,150,MYG LINARES S.A.S.,SANDRA PATRICIA MOSQUERA RENTERIA,SANDRA PATRICIA MOSQUERA RENTERIA,900412345,65118057,65118057,13170778,CTA-BAN-0012004,7.0,0.175,1,1,0,1,0,0,0,0,0,0,0,0,1,0,0,0,0,0,0,0,0,0,1,1,0.669,0.571,12,1,2,consorcios,14,0,15,111000000,0.091
CO1.PCCNTR.4000063,899999034,AGENCIA NACIONAL DE INFRAESTRUCTURA - ANI,CUNDINAMARCA,SOACHA,NACIONAL,APP,SELECCION ABREVIADA,LIQUIDADO,81101500,2023-09-04,2023,2020-2023,OPTIMIZACION DEL SISTEMA DE ACUEDUCTO Y ALCANTARILLADO,KM 38 VIA SOACHA - ZONA RURAL,{'url': 'https://community.secop.gov.co/Public/Tendering/OpportunityDetail/Index?noticeUID=CO1.NTC.5000063&isFromPublicArea=True'},1913561663,1913561663,541956196,135187716,0,1439201649,1,1,0,5,4,2,180,0,GRUPO EMPRESARIAL DEL CARIBE SAS,OSCAR IVAN BETANCUR GIRALDO,SANDRA PATRICIA MOSQUERA RENTERIA,901445566,60096968,99777989,41972583,CTA-BAN-0091823,2.0,0.05,0,1,0,0,0,0,0,0,0,0,0,0,0,1,0,0,0,0,0,0,0,0,0,0,0.898,0.806,5,1,1,consorcios,1,0,12,111000000,0.048
CO1.PCCNTR.4000064,899999061,INSTITUTO DE INFRAESTRUCTURA Y CONCESIONES DE CUNDINAMARCA - ICCU,CUNDINAMARCA,SOACHA,DEPARTAMENTAL,OBRA,CONCURSO DE MERITOS,CELEBRADO,81101500,2019-02-05,2019,2016-2019,INTERVENTORIA TECNICA ADMINISTRATIVA Y FINANCIERA AL CONTRATO DE OBRA,KM 12 VIA SOACHA - ZONA RURAL,,42741045,42741045,19766808,8074180,0,,0,1,1,1,5,30,90,0,MYG PUERRES S.A.S.,DIANA CAROLINA ZAPATA TORO,HERNAN DARIO QUINTERO BEDOYA,901556677,50544321,62490081,40504442,CTA-BAN-0077310,7.0,0.175,1,1,0,0,0,0,0,1,1,0,0,0,0,0,0,0,0,1,0,0,0,1,0,0,0.709,0.533,8,6,1,empresas_independientes,1,3,15,111000000,0.384
CO1.PCCNTR.4000065,899999061,INSTITUTO DE INFRAESTRUCTURA Y CONCESIONES DE CUNDINAMARCA - ICCU,CUNDINAMARCA,SOACHA,DEPARTAMENTAL,CONSULTORIA,CONTRATACION DIRECTA,LIQUIDADO,72141100,2023-02-23,2023,2020-2023,OPTIMIZACION DEL SISTEMA DE ACUEDUCTO Y ALCANTARILLADO,KM 40 VIA SOACHA - ZONA RURAL,{'url': 'https://community.secop.gov.co/Public/Tendering/OpportunityDetail/Index?noticeUID=CO1.NTC.5000065&isFromPublicArea=True'},389428258,389428258,308460879,40630737,0,341310897,0,0,1,1,3,1,180,150,MYG PUERRES S.A.S.,GLORIA ESPERANZA NINO ARAUJO,GLORIA ESPERANZA NINO ARAUJO,901556677,95535307,29249892,46261609,CTA-BAN-0077310,7.0,0.175,1,1,1,0,0,0,0,0,1,0,0,0,0,0,0,1,1,0,0,0,0,0,0,0,0.938,0.736,76,1,2,empresas_independientes,1,0,1,111000000,0.392
CO1.PCCNTR.4000066,899999034,AGENCIA NACIONAL DE INFRAESTRUCTURA - ANI,CUNDINAMARCA,SOACHA,NACIONAL,INTERVENTORIA,CONTRATACION DIRECTA,EN EJECUCION,72141100,2017-06-04,2017,2016-2019,CONSTRUCCION DE PLACA HUELLA EN ZONA RURAL DEL MUNICIPIO,KM 35 VIA SOACHA - ZONA RURAL,{'url': 'https://community.secop.gov.co/Public/Tendering/OpportunityDetail/Index?noticeUID=CO1.NTC.5000066&isFromPublicArea=True'},9618093131,9618093131,6315068063,3433907133,0,9653418028,0,1,0,1,3,1,240,438,CONSTRUCTORA VIBORAL S.A.S.,OSCAR IVAN BETANCUR GIRALDO,OSCAR IVAN BETANCUR GIRALDO,901667788,16507777,16507777,41134697,CTA-BAN-0044517,7.0,0.175,1,1,0,1,0,0,0,0,0,0,1,0,0,0,0,0,1,0,1,0,0,0,0,0,0.669,0.424,100,1,1,consorcios,1,0,1,111000000,0.239
CO1.PCCNTR.4000067,899999063,SERVICIO NACIONAL DE APRENDIZAJE - SENA,CUNDINAMARCA,SOACHA,NACIONAL,INTERVENTORIA,LICITACION PUBLICA,CELEBRADO,81101500,2017-12-06,2017,2016-2019,INTERVENTORIA TECNICA ADMINISTRATIVA Y FINANCIERA AL CONTRATO DE OBRA,KM 30 VIA SOACHA - ZONA RURAL,{'url': 'https://community.secop.gov.co/Public/Tendering/OpportunityDetail/Index?noticeUID=CO1.NTC.5000067&isFromPublicArea=True'},6000000000000000000,74739093,30101195,20586084,36616340,71180089,0,1,0,6,3,12,120,0,INGENIERIA Y OBRAS CIVILES SAS,SANDRA PATRICIA MOSQUERA RENTERIA,SANDRA PATRICIA MOSQUERA RENTERIA,900778899,53182635,29079814,80300034,CTA-BAN-0012004,3.0,0.075,0,1,0,0,0,0,1,0,0,0,0,0,0,0,0,0,0,0,0,0,0,0,1,0,0.647,0.191,7,1,1,consorcios,1,0,24,111000000,0.055
CO1.PCCNTR.4000068,890905211,MUNICIPIO DE EL BAGRE,CUNDINAMARCA,SOACHA,TERRITORIAL,OBRA,SELECCION ABREVIADA,LIQUIDADO,72151500,2025-05-22,2025,2024-2027,MEJORAMIENTO DE VIA TERCIARIA EN LA VEREDA EL PORVENIR,KM 36 VIA SOACHA - ZONA RURAL,{'url': 'https://community.secop.gov.co/Public/Tendering/OpportunityDetail/Index?noticeUID=CO1.NTC.5000068&isFromPublicArea=True'},1569004424,1569004424,898613075,613307861,0,1437364988,1,0,0,4,3,30,120,30,GRUPO EMPRESARIAL DEL CARIBE SAS,WILSON ALBERTO GUERRERO PAZ,JAIRO ANTONIO MENDOZA PALACIOS,901445566,50813498,98723339,10343762,CTA-BAN-0077310,4.0,0.1,1,1,1,0,0,0,0,0,0,0,0,0,0,0,0,0,1,0,0,0,0,0,0,0,0.569,0.608,125,1,4,empresas_independientes,1,0,12,111000000,0.393
CO1.PCCNTR.4000069,800103913,E.S.E. HOSPITAL SAN RAFAEL,CUNDINAMARCA,SOACHA,TERRITORIAL,OBRA,LICITACION PUBLICA,CELEBRADO,72151500,2023-12-23,2023,2020-2023,INTERVENTORIA TECNICA ADMINISTRATIVA Y FINANCIERA AL CONTRATO DE OBRA,KM 33 VIA SOACHA - ZONA RURAL,{'url': 'https://community.secop.gov.co/Public/Tendering/OpportunityDetail/Index?noticeUID=CO1.NTC.5000069&isFromPublicArea=True'},13284253024,13284253024,2997490228,1027550929,0,10102177630,1,0,1,5,1,6,180,60,GRUPO EMPRESARIAL DEL CARIBE SAS,HERNAN DARIO QUINTERO BEDOYA,GLORIA ESPERANZA NINO ARAUJO,901445566,50393727,33710820,58933328,CTA-BAN-0077310,3.0,0.075,0,1,0,0,0,0,0,0,0,0,0,0,0,0,0,1,0,1,0,1,0,0,0,0,0.74,0.123,3,3,1,comunitaria,1,0,24,111000000,0.128
CO1.PCCNTR.4000070,890905211,MUNICIPIO DE EL BAGRE,CUNDINAMARCA,SOACHA,TERRITORIAL,OBRA,LICITACION PUBLICA,CELEBRADO,81101500,2023-08-18,2023,2020-2023,MEJORAMIENTO DE VIA TERCIARIA EN LA VEREDA EL PORVENIR,KM 23 VIA SOACHA - ZONA RURAL,{'url': 'https://community.secop.gov.co/Public/Tendering/OpportunityDetail/Index?noticeUID=CO1.NTC.5000070&isFromPublicArea=True'},8038907685,8038907685,8219138356,0,0,7351665987,1,1,0,7,8,29,90,0,INTERVENTORIAS TECNICAS ANDINAS S.A.,GLORIA ESPERANZA NINO ARAUJO,LUZ MARINA CARDENAS OSPINA,860334455,45708490,57674916,38365619,CTA-BAN-0077310,6.0,0.15,2,1,0,0,1,0,0,1,0,0,0,0,0,0,0,0,0,0,0,0,0,0,0,0,0.274,0.235,4,1,1,comunitaria,1,6,24,111000000,0.222
CO1.PCCNTR.4000071,891680011,GOBERNACION DEL CHOCO,CUNDINAMARCA,SOACHA,DEPARTAMENTAL,OBRA,CONCURSO DE MERITOS,LIQUIDADO,72151500,2022-02-04,2022,2020-2023,MANTENIMIENTO DE LA INFRAESTRUCTURA EDUCATIVA DE LA I.E. SANTO TOMAS,KM 7 VIA SOACHA - ZONA RURAL,,50685026,50685026,18089493,28043104,15205507,,1,1,0,1,11,21,90,172,JUNTA DE ACCION COMUNAL VEREDA LA ESPERANZA,WILSON ALBERTO GUERRERO PAZ,HERNAN DARIO QUINTERO BEDOYA,800556677,39920597,62855073,51094938,CTA-BAN-0077310,7.0,0.175,1,1,0,0,0,1,0,0,0,0,1,0,0,0,0,0,0,0,1,0,0,1,0,0,0.677,0.683,10,1,1,consorcios,1,0,15,111000000,0.062
CO1.PCCNTR.4000072,891680011,GOBERNACION DEL CHOCO,CUNDINAMARCA,SOACHA,DEPARTAMENTAL,APP,SELECCION ABREVIADA,LIQUIDADO,81101500,2019-10-28,2019,2016-2019,MANTENIMIENTO DE LA INFRAESTRUCTURA EDUCATIVA DE LA I.E. SANTO TOMAS,KM 40 VIA SOACHA - ZONA RURAL,{'url': 'https://community.secop.gov.co/Public/Tendering/OpportunityDetail/Index?noticeUID=CO1.NTC.5000072&isFromPublicArea=True'},63297040163,63297040163,42381026256,16664664812,18989112048,55889922594,1,0,0,6,2,13,90,0,INGENIERIA Y OBRAS CIVILES SAS,OSCAR IVAN BETANCUR GIRALDO,OSCAR IVAN BETANCUR GIRALDO,900778899,57864644,57864644,97994914,CTA-BAN-0044517,7.0,0.175,2,1,0,1,0,1,0,0,0,0,0,0,0,0,0,0,1,0,0,0,0,0,0,0,0.223,0.865,35,1,1,empresas_independientes,1,0,12,111000000,0.083
CO1.PCCNTR.4000073,890801150,EMPRESA DE ACUEDUCTO Y ALCANTARILLADO E.S.P.,CUNDINAMARCA,SOACHA,TERRITORIAL,OBRA,SELECCION ABREVIADA,LIQUIDADO,72141100,2025-11-26,2025,2024-2027,ADECUACION DEL PARQUE PRINCIPAL Y ESPACIO PUBLICO ADYACENTE,KM 37 VIA SOACHA - ZONA RURAL,{'url': 'https://community.secop.gov.co/Public/Tendering/OpportunityDetail/Index?noticeUID=CO1.NTC.5000073&isFromPublicArea=True'},109879302,109879302,143169919,152025379,32963790,419341950,1,0,0,6,6,22,240,150,JUNTA DE ACCION COMUNAL VEREDA LA ESPERANZA,WILSON ALBERTO GUERRERO PAZ,MARTHA CECILIA ROJAS VILLAMIL,800556677,68731458,20672076,14039223,CTA-BAN-0077310,8.0,0.2,1,1,0,0,0,1,0,0,0,0,0,0,1,0,1,0,1,0,0,0,0,0,0,0,0.662,0.344,31,1,1,empresas_independientes,3,0,12,111000000,0.226
CO1.PCCNTR.4000074,890801150,EMPRESA DE ACUEDUCTO Y ALCANTARILLADO E.S.P.,CUNDINAMARCA,SOACHA,TERRITORIAL,CONSULTORIA,SELECCION ABREVIADA,CELEBRADO,72141100,2019-12-20,2019,2016-2019,MEJORAMIENTO DE VIA TERCIARIA EN LA VEREDA EL PORVENIR,KM 16 VIA SOACHA - ZONA RURAL,{'url': 'https://community.secop.gov.co/Public/Tendering/OpportunityDetail/Index?noticeUID=CO1.NTC.5000074&isFromPublicArea=True'},8876045749,8876045749,4282963834,2599381992,2662813724,8880506619,1,1,0,3,9,3,90,222,UNION TEMPORAL PROGRESO 2024,HERNAN DARIO QUINTERO BEDOYA,JAIRO ANTONIO MENDOZA PALACIOS,900990011,20583188,54608973,91174925,CTA-BAN-0012004,6.0,0.15,1,1,0,0,0,1,0,0,0,0,0,0,0,0,0,1,0,0,1,1,0,0,0,0,0.389,0.497,6,1,1,empresas_independientes,1,0,12,111000000,0.112
CO1.PCCNTR.4000075,899999063,SERVICIO NACIONAL DE APRENDIZAJE - SENA,CUNDINAMARCA,SOACHA,NACIONAL,OBRA,CONTRATACION DIRECTA,CELEBRADO,72151500,2022-06-02,2022,2020-2023,OPTIMIZACION DEL SISTEMA DE ACUEDUCTO Y ALCANTARILLADO,KM 39 VIA SOACHA - ZONA RURAL,{'url': 'https://community.secop.gov.co/Public/Tendering/OpportunityDetail/Index?noticeUID=CO1.NTC.5000075&isFromPublicArea=True'},67873938139,67873938139,53002822919,9087807204,0,52714538732,1,1,1,2,10,2,90,0,MYG LINARES S.A.S.,SANDRA PATRICIA MOSQUERA RENTERIA,ALVARO JOSE PENALOZA SIERRA,900412345,64082500,47374986,23216694,CTA-BAN-0077310,6.0,0.15,0,1,0,0,0,0,0,0,0,1,0,0,0,1,0,0,0,1,0,0,0,0,0,1,0.851,0.724,6,5,3,consorcios,1,0,1,111000000,0.16
CO1.PCCNTR.4000076,899999034,AGENCIA NACIONAL DE INFRAESTRUCTURA - ANI,CUNDINAMARCA,SOACHA,NACIONAL,OBRA,CONTRATACION DIRECTA,CELEBRADO,81101500,2023-12-16,2023,2020-2023,MANTENIMIENTO DE LA INFRAESTRUCTURA EDUCATIVA DE LA I.E. SANTO TOMAS,KM 36 VIA SOACHA - ZONA RURAL,{'url': 'https://community.secop.gov.co/Public/Tendering/OpportunityDetail/Index?noticeUID=CO1.NTC.5000076&isFromPublicArea=True'},108214220,108214220,28677762125,43207146516,0,86246454841,0,0,1,6,7,18,120,150,CONSTRUCTORA VIBORAL S.A.S.,SANDRA PATRICIA MOSQUERA RENTERIA,GLORIA ESPERANZA NINO ARAUJO,901667788,79314794,59413032,17279554,CTA-BAN-0091823,6.0,0.15,0,1,0,0,0,0,0,0,0,1,0,0,0,0,1,0,1,0,0,1,0,0,0,0,0.968,0.305,173,1,1,consorcios,1,0,15,111000000,0.102
CO1.PCCNTR.4000077,899999061,INSTITUTO DE INFRAESTRUCTURA Y CONCESIONES DE CUNDINAMARCA - ICCU,CUNDINAMARCA,SOACHA,DEPARTAMENTAL,OBRA,CONTRATACION DIRECTA,EN EJECUCION,72141100,2024-07-05,2024,2024-2027,MANTENIMIENTO DE LA INFRAESTRUCTURA EDUCATIVA DE LA I.E. SANTO TOMAS,KM 20 VIA SOACHA - ZONA RURAL,{'url': 'https://community.secop.gov.co/Public/Tendering/OpportunityDetail/Index?noticeUID=CO1.NTC.5000077&isFromPublicArea=True'},6000000000000000000,1331979519,836547376,348998172,0,1268551923,0,0,1,7,3,27,90,161,INTERVENTORIAS TECNICAS ANDINAS S.A.,SANDRA PATRICIA MOSQUERA RENTERIA,SANDRA PATRICIA MOSQUERA RENTERIA,860334455,80890637,99606849,28347410,CTA-BAN-0091823,5.0,0.125,0,1,0,0,0,0,0,0,0,0,0,0,1,0,0,0,0,0,1,0,0,0,1,1,0.634,0.452,2,1,3,consorcios,19,0,1,111000000,0.177
CO1.PCCNTR.4000078,800103913,E.S.E. HOSPITAL SAN RAFAEL,CUNDINAMARCA,SOACHA,TERRITORIAL,OBRA,CONCURSO DE MERITOS,LIQUIDADO,72151500,2022-03-26,2022,2020-2023,INTERVENTORIA TECNICA ADMINISTRATIVA Y FINANCIERA AL CONTRATO DE OBRA,KM 28 VIA SOACHA - ZONA RURAL,{'url': 'https://community.secop.gov.co/Public/Tendering/OpportunityDetail/Index?noticeUID=CO1.NTC.5000078&isFromPublicArea=True'},478767908,478767908,201005640,127194380,239383954,427417125,0,1,0,2,1,3,240,30,INTERVENTORIAS TECNICAS ANDINAS S.A.,MARTHA CECILIA ROJAS VILLAMIL,WILSON ALBERTO GUERRERO PAZ,860334455,84782680,68613500,43843414,CTA-BAN-0091823,3.0,0.075,0,1,0,0,0,0,1,0,0,0,0,0,0,0,0,1,0,0,0,0,0,0,0,0,0.274,0.253,4,1,1,empresas_independientes,1,0,15,111000000,0.383
CO1.PCCNTR.4000079,899999063,SERVICIO NACIONAL DE APRENDIZAJE - SENA,CUNDINAMARCA,SOACHA,NACIONAL,OBRA,CONTRATACION DIRECTA,TERMINADO,72151500,2021-12-13,2021,2020-2023,ADECUACION DEL PARQUE PRINCIPAL Y ESPACIO PUBLICO ADYACENTE,KM 28 VIA SOACHA - ZONA RURAL,{'url': 'https://community.secop.gov.co/Public/Tendering/OpportunityDetail/Index?noticeUID=CO1.NTC.5000079&isFromPublicArea=True'},12676859135,12676859135,9650290312,4123273755,0,10245335421,1,0,1,1,10,13,120,0,INTERVENTORIAS TECNICAS ANDINAS S.A.,HERNAN DARIO QUINTERO BEDOYA,GLORIA ESPERANZA NINO ARAUJO,860334455,89862762,21481159,99588605,CTA-BAN-0091823,3.0,0.075,0,1,0,0,0,0,0,0,0,1,0,0,0,0,0,0,1,0,0,0,0,0,0,0,0.416,0.171,56,1,1,empresas_independientes,1,0,24,111000000,0.199
CO1.PCCNTR.4000080,899999061,INSTITUTO DE INFRAESTRUCTURA Y CONCESIONES DE CUNDINAMARCA - ICCU,CUNDINAMARCA,SOACHA,DEPARTAMENTAL,OBRA,SELECCION ABREVIADA,EN EJECUCION,81101500,2025-02-04,2025,2024-2027,CONSTRUCCION DE PLACA HUELLA EN ZONA RURAL DEL MUNICIPIO,KM 10 VIA SOACHA - ZONA RURAL,{'url': 'https://community.secop.gov.co/Public/Tendering/OpportunityDetail/Index?noticeUID=CO1.NTC.5000080&isFromPublicArea=True'},11744010253,11744010253,11044045863,1770728362,0,12163063761,1,0,1,2,9,28,240,0,CONSTRUCCIONES DEL NORTE LTDA,DIANA CAROLINA ZAPATA TORO,DIANA CAROLINA ZAPATA TORO,830112233,41620209,41620209,80418445,CTA-BAN-0077310,3.0,0.075,1,1,0,1,0,0,0,0,0,0,0,0,0,0,0,0,0,0,0,0,0,0,0,0,0.398,0.123,1,1,1,consorcios,1,0,12,111000000,0.229
CO1.PCCNTR.4000081,800103913,E.S.E. HOSPITAL SAN RAFAEL,CUNDINAMARCA,SOACHA,TERRITORIAL,OBRA,CONTRATACION DIRECTA,CELEBRADO,81101500,2025-09-26,2025,2024-2027,MANTENIMIENTO DE LA INFRAESTRUCTURA EDUCATIVA DE LA I.E. SANTO TOMAS,KM 2 VIA SOACHA - ZONA RURAL,{'url': 'https://community.secop.gov.co/Public/Tendering/OpportunityDetail/Index?noticeUID=CO1.NTC.5000081&isFromPublicArea=True'},9728833197,9728833197,6768476793,5204774251,2918649959,8137671928,0,1,0,4,4,11,90,60,CONSTRUCTORA VIBORAL S.A.S.,GLORIA ESPERANZA NINO ARAUJO,HERNAN DARIO QUINTERO BEDOYA,,65607376,45636344,99982032,CTA-BAN-0044517,5.0,0.125,1,1,0,0,0,1,0,0,0,0,0,0,0,0,0,0,0,1,0,0,1,0,0,0,0.488,0.841,10,6,1,comunitaria,1,0,1,111000000,0.052
CO1.PCCNTR.4000082,892000501,ALCALDIA MUNICIPAL DE PUERTO GAITAN,CUNDINAMARCA,SOACHA,TERRITORIAL,OBRA,CONTRATACION DIRECTA,EN EJECUCION,81101500,2019-09-28,2019,2016-2019,MEJORAMIENTO DE VIA TERCIARIA EN LA VEREDA EL PORVENIR,KM 23 VIA SOACHA - ZONA RURAL,{'url': 'https://community.secop.gov.co/Public/Tendering/OpportunityDetail/Index?noticeUID=CO1.NTC.5000082&isFromPublicArea=True'},95718421503,95718421503,106803578051,0,0,98376119380,0,0,1,3,11,17,180,0,GRUPO EMPRESARIAL DEL CARIBE SAS,MARTHA CECILIA ROJAS VILLAMIL,HERNAN DARIO QUINTERO BEDOYA,901445566,19874193,57138359,43370630,CTA-BAN-0077310,6.0,0.15,2,1,0,0,1,0,0,1,0,0,0,0,0,0,0,0,0,0,0,0,0,0,0,0,0.613,0.283,5,1,1,consorcios,1,4,1,111000000,0.27
CO1.PCCNTR.4000083,800103913,E.S.E. HOSPITAL SAN RAFAEL,CUNDINAMARCA,SOACHA,TERRITORIAL,INTERVENTORIA,LICITACION PUBLICA,TERMINADO,72151500,2019-12-17,2019,2016-2019,INTERVENTORIA TECNICA ADMINISTRATIVA Y FINANCIERA AL CONTRATO DE OBRA,KM 6 VIA SOACHA - ZONA RURAL,{'url': 'https://community.secop.gov.co/Public/Tendering/OpportunityDetail/Index?noticeUID=CO1.NTC.5000083&isFromPublicArea=True'},396606738,396606738,370707105,45455293,0,363480348,0,1,1,1,5,20,180,30,CONSORCIO VIAS DEL SUR,GLORIA ESPERANZA NINO ARAUJO,GLORIA ESPERANZA NINO ARAUJO,901223344,28866461,48642036,26430378,CTA-BAN-0012004,3.0,0.075,0,1,0,0,0,0,0,0,1,0,0,0,0,0,0,0,0,0,0,1,0,0,0,0,0.611,0.39,4,1,1,comunitaria,1,0,24,111000000,0.145
CO1.PCCNTR.4000084,892000501,ALCALDIA MUNICIPAL DE PUERTO GAITAN,CUNDINAMARCA,SOACHA,TERRITORIAL,OBRA,LICITACION PUBLICA,LIQUIDADO,72141100,2019-05-23,2019,2016-2019,OPTIMIZACION DEL SISTEMA DE ACUEDUCTO Y ALCANTARILLADO,KM 12 VIA SOACHA - ZONA RURAL,{'url': 'https://community.secop.gov.co/Public/Tendering/OpportunityDetail/Index?noticeUID=CO1.NTC.5000084&isFromPublicArea=True'},67823393,67823393,45636024,31063222,0,58896516,0,0,1,1,2,23,240,150,JUNTA DE ACCION COMUNAL VEREDA LA ESPERANZA,GLORIA ESPERANZA NINO ARAUJO,MARTHA CECILIA ROJAS VILLAMIL,800556677,55053226,15287987,58733326,CTA-BAN-0091823,3.0,0.075,0,1,0,0,0,0,0,0,1,0,0,0,0,0,0,0,0,1,0,0,0,0,0,0,0.904,0.516,10,4,1,consorcios,1,0,24,111000000,0.235
CO1.PCCNTR.4000085,890801150,EMPRESA DE ACUEDUCTO Y ALCANTARILLADO E.S.P.,CUNDINAMARCA,SOACHA,TERRITORIAL,CONSULTORIA,CONCURSO DE MERITOS,EN EJECUCION,72141100,2024-12-25,2024,2024-2027,ADECUACION DEL PARQUE PRINCIPAL Y ESPACIO PUBLICO ADYACENTE,KM 6 VIA SOACHA - ZONA RURAL,,67040293117,67040293117,52322883793,5124931008,0,,1,0,1,2,2,5,60,127,INTERVENTORIAS TECNICAS ANDINAS S.A.,HERNAN DARIO QUINTERO BEDOYA,ALVARO JOSE PENALOZA SIERRA,860334455,58110427,89893648,57697537,CTA-BAN-0077310,2.0,0.05,0,1,0,0,0,0,0,0,0,0,0,0,0,0,0,0,0,0,1,0,0,1,0,0,0.647,0.387,11,1,1,empresas_independientes,1,0,15,111000000,0.069
CO1.PCCNTR.4000086,800103913,E.S.E. HOSPITAL SAN RAFAEL,CUNDINAMARCA,SOACHA,TERRITORIAL,CONCESION,MINIMA CUANTIA,LIQUIDADO,72141100,2017-08-21,2017,2016-2019,MANTENIMIENTO DE LA INFRAESTRUCTURA EDUCATIVA DE LA I.E. SANTO TOMAS,KM 25 VIA SOACHA - ZONA RURAL,{'url': 'https://community.secop.gov.co/Public/Tendering/OpportunityDetail/Index?noticeUID=CO1.NTC.5000086&isFromPublicArea=True'},110750671,110750671,365857779,67002660,0,356550363,0,1,0,6,5,18,120,288,UNION TEMPORAL PROGRESO 2024,MARTHA CECILIA ROJAS VILLAMIL,LUZ MARINA CARDENAS OSPINA,900990011,68954935,62697146,78719325,CTA-BAN-0077310,6.0,0.15,1,1,0,0,0,0,0,1,0,0,0,0,0,0,1,0,0,0,1,0,0,0,0,0,0.599,0.849,5,1,1,comunitaria,1,4,4,111000000,0.342
CO1.PCCNTR.4000087,899999061,INSTITUTO DE INFRAESTRUCTURA Y CONCESIONES DE CUNDINAMARCA - ICCU,CUNDINAMARCA,SOACHA,DEPARTAMENTAL,OBRA,SELECCION ABREVIADA,LIQUIDADO,72151500,2017-12-20,2017,2016-2019,OPTIMIZACION DEL SISTEMA DE ACUEDUCTO Y ALCANTARILLADO,KM 31 VIA SOACHA - ZONA RURAL,{'url': 'https://community.secop.gov.co/Public/Tendering/OpportunityDetail/Index?noticeUID=CO1.NTC.5000087&isFromPublicArea=True'},67074293,67074293,27143471,6207051,0,65596716,1,0,0,1,4,3,180,30,INTERVENTORIAS TECNICAS ANDINAS S.A.,HERNAN DARIO QUINTERO BEDOYA,HERNAN DARIO QUINTERO BEDOYA,860334455,55033949,77869539,42452675,CTA-BAN-0044517,5.0,0.125,1,1,0,0,0,0,0,1,0,0,0,0,0,1,0,0,0,0,0,0,0,0,0,0,0.958,0.918,5,1,1,comunitaria,1,4,12,111000000,0.386
CO1.PCCNTR.4000088,891680011,GOBERNACION DEL CHOCO,CUNDINAMARCA,SOACHA,DEPARTAMENTAL,INTERVENTORIA,CONCURSO DE MERITOS,TERMINADO,81101500,2025-10-18,2025,2024-2027,ADECUACION DEL PARQUE PRINCIPAL Y ESPACIO PUBLICO ADYACENTE,KM 31 VIA SOACHA - ZONA RURAL,{'url': 'https://community.secop.gov.co/Public/Tendering/OpportunityDetail/Index?noticeUID=CO1.NTC.5000088&isFromPublicArea=True'},61514708,61514708,67036797,0,18454412,61732224,0,1,0,1,3,4,120,0,GRUPO EMPRESARIAL DEL CARIBE SAS,GLORIA ESPERANZA NINO ARAUJO,LUZ MARINA CARDENAS OSPINA,901445566,76244992,32692469,50009838,CTA-BAN-0012004,11.0,0.275,3,1,0,0,1,1,0,1,0,0,1,0,0,0,0,0,0,0,0,0,0,0,0,0,0.354,0.161,1,1,1,empresas_independientes,1,4,15,111000000,0.268
CO1.PCCNTR.4000089,899999061,INSTITUTO DE INFRAESTRUCTURA Y CONCESIONES DE CUNDINAMARCA - ICCU,CUNDINAMARCA,SOACHA,DEPARTAMENTAL,OBRA,CONTRATACION DIRECTA,EN EJECUCION,81101500,2019-04-09,2019,2016-2019,CONSTRUCCION DE PLACA HUELLA EN ZONA RURAL DEL MUNICIPIO,KM 28 VIA SOACHA - ZONA RURAL,{'url': 'https://community.secop.gov.co/Public/Tendering/OpportunityDetail/Index?noticeUID=CO1.NTC.5000089&isFromPublicArea=True'},1697124635,1697124635,1633267741,536057410,0,1777620687,0,1,0,1,5,3,120,0,JUNTA DE ACCION COMUNAL VEREDA LA ESPERANZA,GLORIA ESPERANZA NINO ARAUJO,LUZ MARINA CARDENAS OSPINA,800556677,79077182,30029869,76677248,CTA-BAN-0012004,6.0,0.15,0,1,0,0,0,0,0,0,1,1,0,0,0,0,0,1,0,0,0,0,0,0,0,1,0.497,0.649,6,1,2,consorcios,1,0,15,111000000,0.254
CO1.PCCNTR.4000090,899999034,AGENCIA NACIONAL DE INFRAESTRUCTURA - ANI,CUNDINAMARCA,SOACHA,NACIONAL,OBRA,CONTRATACION DIRECTA,LIQUIDADO,72141100,2025-07-21,2025,2024-2027,MEJORAMIENTO DE VIA TERCIARIA EN LA VEREDA EL PORVENIR,KM 18 VIA SOACHA - ZONA RURAL,{'url': 'https://community.secop.gov.co/Public/Tendering/OpportunityDetail/Index?noticeUID=CO1.NTC.5000090&isFromPublicArea=True'},1746001568,1746001568,1705743917,707889359,0,1563181127,0,1,0,2,1,28,90,60,CONSTRUCCIONES DEL NORTE LTDA,OSCAR IVAN BETANCUR GIRALDO,WILSON ALBERTO GUERRERO PAZ,830112233,93405964,25396867,24954243,CTA-BAN-0077310,1.0,0.025,0,1,0,0,0,0,0,0,0,0,0,0,0,0,0,0,1,0,0,0,0,0,0,0,0.248,0.258,149,1,1,consorcios,1,0,1,111000000,0.045
CO1.PCCNTR.4000091,800103913,E.S.E. HOSPITAL SAN RAFAEL,CUNDINAMARCA,SOACHA,TERRITORIAL,OBRA,CONTRATACION DIRECTA,LIQUIDADO,72141100,2025-11-09,2025,2024-2027,MANTENIMIENTO DE LA INFRAESTRUCTURA EDUCATIVA DE LA I.E. SANTO TOMAS,KM 24 VIA SOACHA - ZONA RURAL,{'url': 'https://community.secop.gov.co/Public/Tendering/OpportunityDetail/Index?noticeUID=CO1.NTC.5000091&isFromPublicArea=True'},110526621,110526621,2925725215,3263245454,0,6615105810,0,0,0,1,9,12,60,0,INTERVENTORIAS TECNICAS ANDINAS S.A.,WILSON ALBERTO GUERRERO PAZ,WILSON ALBERTO GUERRERO PAZ,860334455,98219303,98219303,54312368,CTA-BAN-0012004,7.0,0.175,1,1,0,1,0,0,0,0,0,1,0,0,0,0,1,0,0,0,0,0,0,0,0,0,0.89,0.773,7,1,1,comunitaria,1,0,15,111000000,0.248
CO1.PCCNTR.4000092,891680011,GOBERNACION DEL CHOCO,CUNDINAMARCA,SOACHA,DEPARTAMENTAL,CONCESION,LICITACION PUBLICA,TERMINADO,72151500,2024-12-20,2024,2024-2027,MEJORAMIENTO DE VIA TERCIARIA EN LA VEREDA EL PORVENIR,KM 20 VIA SOACHA - ZONA RURAL,{'url': 'https://community.secop.gov.co/Public/Tendering/OpportunityDetail/Index?noticeUID=CO1.NTC.5000092&isFromPublicArea=True'},1292218655,1292218655,814048336,142134038,0,1025764047,0,0,1,6,1,29,240,0,GRUPO EMPRESARIAL DEL CARIBE SAS,OSCAR IVAN BETANCUR GIRALDO,OSCAR IVAN BETANCUR GIRALDO,901445566,26230420,26230420,21521509,CTA-BAN-0091823,3.0,0.075,1,1,0,1,0,0,0,0,0,0,0,0,0,0,0,0,0,0,0,0,0,0,0,0,0.648,0.341,12,1,1,comunitaria,1,0,24,111000000,0.033
CO1.PCCNTR.4000093,800103913,E.S.E. HOSPITAL SAN RAFAEL,CUNDINAMARCA,SOACHA,TERRITORIAL,CONSULTORIA,LICITACION PUBLICA,CELEBRADO,72151500,2019-05-02,2019,2016-2019,MEJORAMIENTO DE VIA TERCIARIA EN LA VEREDA EL PORVENIR,KM 17 VIA SOACHA - ZONA RURAL,{'url': 'https://community.secop.gov.co/Public/Tendering/OpportunityDetail/Index?noticeUID=CO1.NTC.5000093&isFromPublicArea=True'},81809345266,81809345266,81473627463,5230343121,0,71200051101,0,1,0,7,10,4,180,287,MYG PUERRES S.A.S.,ALVARO JOSE PENALOZA SIERRA,ALVARO JOSE PENALOZA SIERRA,901556677,14868956,25801062,45691681,CTA-BAN-0044517,1.0,0.025,0,1,0,0,0,0,0,0,0,0,0,0,0,0,0,0,0,0,1,0,0,0,0,0,0.204,0.28,3,1,1,consorcios,1,0,24,111000000,0.048
CO1.PCCNTR.4000094,891680011,GOBERNACION DEL CHOCO,CUNDINAMARCA,SOACHA,DEPARTAMENTAL,INTERVENTORIA,SELECCION ABREVIADA,LIQUIDADO,72151500,2021-06-03,2021,2020-2023,INTERVENTORIA TECNICA ADMINISTRATIVA Y FINANCIERA AL CONTRATO DE OBRA,KM 30 VIA SOACHA - ZONA RURAL,,6000000000000000000,105518058918,74621789705,15558309048,50246694723,,1,1,0,2,2,1,180,60,JUNTA DE ACCION COMUNAL VEREDA LA ESPERANZA,DIANA CAROLINA ZAPATA TORO,ALVARO JOSE PENALOZA SIERRA,800556677,22455420,90780491,98048102,CTA-BAN-0012004,4.0,0.1,0,1,0,0,0,0,1,0,0,0,0,0,0,0,0,0,0,0,0,0,0,1,1,0,0.882,0.26,8,1,1,comunitaria,1,0,12,111000000,0.251
CO1.PCCNTR.4000095,890801150,EMPRESA DE ACUEDUCTO Y ALCANTARILLADO E.S.P.,CUNDINAMARCA,SOACHA,TERRITORIAL,OBRA,MINIMA CUANTIA,CELEBRADO,72141100,2022-06-16,2022,2020-2023,INTERVENTORIA TECNICA ADMINISTRATIVA Y FINANCIERA AL CONTRATO DE OBRA,KM 39 VIA SOACHA - ZONA RURAL,{'url': 'https://community.secop.gov.co/Public/Tendering/OpportunityDetail/Index?noticeUID=CO1.NTC.5000095&isFromPublicArea=True'},365052535,365052535,307041458,69221524,0,287896732,0,1,0,4,3,2,90,0,INGENIERIA Y OBRAS CIVILES SAS,ALVARO JOSE PENALOZA SIERRA,WILSON ALBERTO GUERRERO PAZ,900778899,59382176,78307606,80941187,CTA-BAN-0077310,3.0,0.075,0,1,0,0,0,0,0,0,0,0,0,0,1,0,0,0,1,0,0,0,0,0,0,0,0.503,0.796,128,1,1,consorcios,8,0,4,111000000,0.177
CO1.PCCNTR.4000096,800103913,E.S.E. HOSPITAL SAN RAFAEL,CUNDINAMARCA,SOACHA,TERRITORIAL,INTERVENTORIA,MINIMA CUANTIA,LIQUIDADO,72141100,2025-07-20,2025,2024-2027,MEJORAMIENTO DE VIA TERCIARIA EN LA VEREDA EL PORVENIR,KM 15 VIA SOACHA - ZONA RURAL,{'url': 'https://community.secop.gov.co/Public/Tendering/OpportunityDetail/Index?noticeUID=CO1.NTC.5000096&isFromPublicArea=True'},282070581,282070581,97102933,50728724,84621174,295204460,1,1,0,1,9,1,120,60,JUNTA DE ACCION COMUNAL VEREDA LA ESPERANZA,GLORIA ESPERANZA NINO ARAUJO,WILSON ALBERTO GUERRERO PAZ,800556677,92331900,84966043,89231567,CTA-BAN-0044517,6.0,0.15,1,1,0,0,0,1,0,0,1,0,0,0,0,0,0,1,0,0,0,0,0,0,0,0,0.586,0.799,10,1,1,comunitaria,1,0,4,111000000,0.341
CO1.PCCNTR.4000097,892000501,ALCALDIA MUNICIPAL DE PUERTO GAITAN,CUNDINAMARCA,SOACHA,TERRITORIAL,OBRA,CONTRATACION DIRECTA,LIQUIDADO,72151500,2017-04-05,2017,2016-2019,OPTIMIZACION DEL SISTEMA DE ACUEDUCTO Y ALCANTARILLADO,KM 32 VIA SOACHA - ZONA RURAL,{'url': 'https://community.secop.gov.co/Public/Tendering/OpportunityDetail/Index?noticeUID=CO1.NTC.5000097&isFromPublicArea=True'},42694070,42694070,40203417,23239498,0,41944110,0,0,1,6,6,1,60,60,CONSTRUCCIONES DEL NORTE LTDA,HERNAN DARIO QUINTERO BEDOYA,WILSON ALBERTO GUERRERO PAZ,830112233,33898417,59789530,98736229,CTA-BAN-0012004,6.0,0.15,0,1,0,0,0,0,0,0,0,1,0,0,1,0,0,1,0,0,0,0,0,0,0,1,0.294,0.284,9,1,4,consorcios,4,0,1,111000000,0.298
CO1.PCCNTR.4000098,899999034,AGENCIA NACIONAL DE INFRAESTRUCTURA - ANI,CUNDINAMARCA,SOACHA,NACIONAL,INTERVENTORIA,CONCURSO DE MERITOS,TERMINADO,72141100,2022-06-12,2022,2020-2023,ADECUACION DEL PARQUE PRINCIPAL Y ESPACIO PUBLICO ADYACENTE,KM 25 VIA SOACHA - ZONA RURAL,{'url': 'https://community.secop.gov.co/Public/Tendering/OpportunityDetail/Index?noticeUID=CO1.NTC.5000098&isFromPublicArea=True'},483965531,483965531,518296463,0,0,428053569,0,0,0,2,12,20,120,0,CONSTRUCCIONES DEL NORTE LTDA,JAIRO ANTONIO MENDOZA PALACIOS,ALVARO JOSE PENALOZA SIERRA,830112233,50286186,52693404,71974277,CTA-BAN-0044517,4.0,0.1,1,1,0,0,1,0,0,0,0,0,0,0,0,0,0,0,1,0,0,0,0,0,0,0,0.257,0.195,176,1,1,comunitaria,1,0,15,111000000,0.261
CO1.PCCNTR.4000099,899999061,INSTITUTO DE INFRAESTRUCTURA Y CONCESIONES DE CUNDINAMARCA - ICCU,CUNDINAMARCA,SOACHA,DEPARTAMENTAL,INTERVENTORIA,LICITACION PUBLICA,LIQUIDADO,72141100,2023-01-26,2023,2020-2023,MEJORAMIENTO DE VIA TERCIARIA EN LA VEREDA EL PORVENIR,KM 36 VIA SOACHA - ZONA RURAL,{'url': 'https://community.secop.gov.co/Public/Tendering/OpportunityDetail/Index?noticeUID=CO1.NTC.5000099&isFromPublicArea=True'},339372230,339372230,333963164,109912120,0,294260082,0,1,1,3,9,3,120,150,CONSORCIO VIAS DEL SUR,GLORIA ESPERANZA NINO ARAUJO,,901223344,86470587,,43588935,CTA-BAN-0091823,1.0,0.025,0,1,0,0,0,0,0,0,0,0,0,0,0,0,0,0,0,0,0,0,1,0,0,0,0.35,0.42,2,1,1,empresas_independientes,1,0,24,111000000,0.08
CO1.PCCNTR.4000100,899999063,SERVICIO NACIONAL DE APRENDIZAJE - SENA,CUNDINAMARCA,SOACHA,NACIONAL,CONSULTORIA,SELECCION ABREVIADA,TERMINADO,72151500,2022-11-01,2022,2020-2023,OPTIMIZACION DEL SISTEMA DE ACUEDUCTO Y ALCANTARILLADO,KM 36 VIA SOACHA - ZONA RURAL,,48607501,48607501,23151322,22054280,14582250,,0,1,0,6,9,14,60,60,CONSTRUCCIONES DEL NORTE LTDA,MARTHA CECILIA ROJAS VILLAMIL,HERNAN DARIO QUINTERO BEDOYA,830112233,80156013,67913751,58164226,CTA-BAN-0091823,5.0,0.125,1,1,0,0,0,1,0,0,0,0,0,0,0,0,0,0,0,0,0,0,0,1,0,1,0.531,0.401,5,1,4,consorcios,1,0,12,111000000,0.104
CO1.PCCNTR.4000101,890905211,MUNICIPIO DE EL BAGRE,CUNDINAMARCA,SOACHA,TERRITORIAL,OBRA,CONTRATACION DIRECTA,EN EJECUCION,72141100,2019-12-25,2019,2016-2019,CONSTRUCCION DE PLACA HUELLA EN ZONA RURAL DEL MUNICIPIO,KM 36 VIA SOACHA - ZONA RURAL,{'url': 'https://community.secop.gov.co/Public/Tendering/OpportunityDetail/Index?noticeUID=CO1.NTC.5000101&isFromPublicArea=True'},12750077539,12750077539,8829584421,580518605,0,9993529143,0,1,0,4,6,3,120,160,INGENIERIA Y OBRAS CIVILES SAS,WILSON ALBERTO GUERRERO PAZ,JAIRO ANTONIO MENDOZA PALACIOS,900778899,66118460,94425068,11089878,CTA-BAN-0012004,4.0,0.1,0,1,0,0,0,0,0,0,0,1,0,0,0,0,0,0,0,0,1,1,0,0,0,0,0.403,0.142,8,1,1,consorcios,1,0,24,111000000,0.089
CO1.PCCNTR.4000102,890801150,EMPRESA DE ACUEDUCTO Y ALCANTARILLADO E.S.P.,CUNDINAMARCA,SOACHA,TERRITORIAL,OBRA,MINIMA CUANTIA,LIQUIDADO,72141100,2021-08-16,2021,2020-2023,CONSTRUCCION DE PLACA HUELLA EN ZONA RURAL DEL MUNICIPIO,KM 30 VIA SOACHA - ZONA RURAL,{'url': 'https://community.secop.gov.co/Public/Tendering/OpportunityDetail/Index?noticeUID=CO1.NTC.5000102&isFromPublicArea=True'},6000000000000000000,1656636246,494975925,900609730,0,1577748806,0,0,0,1,5,3,180,30,UNION TEMPORAL PROGRESO 2024,MARTHA CECILIA ROJAS VILLAMIL,WILSON ALBERTO GUERRERO PAZ,900990011,74065592,37023298,43501050,CTA-BAN-0077310,5.0,0.125,0,1,0,0,0,0,0,0,0,0,0,1,0,0,1,0,0,0,0,0,0,0,1,0,0.817,0.551,12,1,1,empresas_independientes,1,0,4,111000000,0.124
CO1.PCCNTR.4000103,899999034,AGENCIA NACIONAL DE INFRAESTRUCTURA - ANI,CUNDINAMARCA,SOACHA,NACIONAL,CONCESION,CONTRATACION DIRECTA,CELEBRADO,72151500,2021-08-19,2021,2020-2023,INTERVENTORIA TECNICA ADMINISTRATIVA Y FINANCIERA AL CONTRATO DE OBRA,KM 40 VIA SOACHA - ZONA RURAL,{'url': 'https://community.secop.gov.co/Public/Tendering/OpportunityDetail/Index?noticeUID=CO1.NTC.5000103&isFromPublicArea=True'},6000000000000000000,82040365062,84017612801,52336113165,0,78133681012,1,1,0,5,11,14,120,60,CONSORCIO VIAS DEL SUR,,ALVARO JOSE PENALOZA SIERRA,901223344,,79016356,15371127,CTA-BAN-0012004,2.0,0.05,0,1,0,0,0,0,0,0,0,0,0,0,0,0,0,0,0,0,0,0,1,0,1,0,0.347,0.842,7,1,1,consorcios,1,0,1,111000000,0.319
CO1.PCCNTR.4000104,892000501,ALCALDIA MUNICIPAL DE PUERTO GAITAN,CUNDINAMARCA,SOACHA,TERRITORIAL,OBRA,CONTRATACION DIRECTA,CELEBRADO,72141100,2017-04-15,2017,2016-2019,MEJORAMIENTO DE VIA TERCIARIA EN LA VEREDA EL PORVENIR,KM 11 VIA SOACHA - ZONA RURAL,{'url': 'https://community.secop.gov.co/Public/Tendering/OpportunityDetail/Index?noticeUID=CO1.NTC.5000104&isFromPublicArea=True'},11922353872,11922353872,15373842729,0,3576706161,9599491033,0,1,0,1,3,13,240,0,INGENIERIA Y OBRAS CIVILES SAS,SANDRA PATRICIA MOSQUERA RENTERIA,OSCAR IVAN BETANCUR GIRALDO,900778899,53262015,56981905,39655582,CTA-BAN-0012004,10.0,0.25,2,1,0,0,1,1,0,0,0,1,0,0,1,0,0,0,0,0,0,0,0,0,0,0,0.716,0.54,6,1,1,consorcios,16,0,4,111000000,0.056
CO1.PCCNTR.4000105,899999034,AGENCIA NACIONAL DE INFRAESTRUCTURA - ANI,CUNDINAMARCA,SOACHA,NACIONAL,CONSULTORIA,SELECCION ABREVIADA,TERMINADO,72141100,2022-04-26,2022,2020-2023,MANTENIMIENTO DE LA INFRAESTRUCTURA EDUCATIVA DE LA I.E. SANTO TOMAS,KM 20 VIA SOACHA - ZONA RURAL,{'url': 'https://community.secop.gov.co/Public/Tendering/OpportunityDetail/Index?noticeUID=CO1.NTC.5000105&isFromPublicArea=True'},66921282796,66921282796,46544652013,4296555549,0,53922475963,0,0,0,3,2,21,120,255,CONSTRUCTORA VIBORAL S.A.S.,HERNAN DARIO QUINTERO BEDOYA,HERNAN DARIO QUINTERO BEDOYA,901667788,24746948,58694635,28894363,CTA-BAN-0091823,4.0,0.1,1,1,1,0,0,0,0,0,0,0,0,0,0,0,0,0,0,0,1,0,0,0,0,0,0.626,0.809,1,1,2,empresas_independientes,1,0,12,111000000,0.096
CO1.PCCNTR.4000106,890905211,MUNICIPIO DE EL BAGRE,CUNDINAMARCA,SOACHA,TERRITORIAL,OBRA,CONTRATACION DIRECTA,LIQUIDADO,72141100,2023-10-14,2023,2020-2023,MEJORAMIENTO DE VIA TERCIARIA EN LA VEREDA EL PORVENIR,KM 26 VIA SOACHA - ZONA RURAL,{'url': 'https://community.secop.gov.co/Public/Tendering/OpportunityDetail/Index?noticeUID=CO1.NTC.5000106&isFromPublicArea=True'},1682113656,1682113656,547482549,755709714,0,1463108024,1,1,1,3,11,2,120,150,INTERVENTORIAS TECNICAS ANDINAS S.A.,HERNAN DARIO QUINTERO BEDOYA,HERNAN DARIO QUINTERO BEDOYA,860334455,50602050,50602050,80758812,CTA-BAN-0077310,8.0,0.2,2,1,0,1,0,0,0,1,0,1,0,0,0,0,0,0,0,0,0,0,0,0,0,0,0.844,0.373,6,1,1,consorcios,1,2,24,111000000,0.284
CO1.PCCNTR.4000107,890905211,MUNICIPIO DE EL BAGRE,CUNDINAMARCA,SOACHA,TERRITORIAL,OBRA,CONTRATACION DIRECTA,TERMINADO,72151500,2017-08-19,2017,2016-2019,OPTIMIZACION DEL SISTEMA DE ACUEDUCTO Y ALCANTARILLADO,KM 34 VIA SOACHA - ZONA RURAL,{'url': 'https://community.secop.gov.co/Public/Tendering/OpportunityDetail/Index?noticeUID=CO1.NTC.5000107&isFromPublicArea=True'},59459808573,59459808573,15204808125,33658538029,0,60814231066,0,0,0,4,6,7,90,60,CONSTRUCCIONES DEL NORTE LTDA,ALVARO JOSE PENALOZA SIERRA,GLORIA ESPERANZA NINO ARAUJO,830112233,83529629,18030520,97995318,CTA-BAN-0091823,5.0,0.125,1,1,1,0,0,0,0,0,0,0,0,0,1,0,0,0,0,0,0,0,0,0,0,0,0.237,0.476,1,1,4,empresas_independientes,15,0,1,111000000,0.195
CO1.PCCNTR.4000108,899999063,SERVICIO NACIONAL DE APRENDIZAJE - SENA,CUNDINAMARCA,SOACHA,NACIONAL,OBRA,CONCURSO DE MERITOS,EN EJECUCION,72151500,,2017,2016-2019,INTERVENTORIA TECNICA ADMINISTRATIVA Y FINANCIERA AL CONTRATO DE OBRA,KM 14 VIA SOACHA - ZONA RURAL,{'url': 'https://community.secop.gov.co/Public/Tendering/OpportunityDetail/Index?noticeUID=CO1.NTC.5000108&isFromPublicArea=True'},97356218095,97356218095,27078206046,13020326337,0,73777173163,0,0,1,4,12,3,60,150,MYG LINARES S.A.S.,SANDRA PATRICIA MOSQUERA RENTERIA,ALVARO JOSE PENALOZA SIERRA,900412345,63445861,44969291,62548666,CTA-BAN-0077310,2.0,0.05,0,1,0,0,0,0,0,0,0,0,0,0,0,0,0,1,0,0,0,0,1,0,0,0,0.786,0.269,9,1,1,empresas_independientes,1,0,15,111000000,0.165
CO1.PCCNTR.4000109,800103913,E.S.E. HOSPITAL SAN RAFAEL,CUNDINAMARCA,SOACHA,TERRITORIAL,INTERVENTORIA,CONCURSO DE MERITOS,EN EJECUCION,81101500,2023-01-11,2023,2020-2023,INTERVENTORIA TECNICA ADMINISTRATIVA Y FINANCIERA AL CONTRATO DE OBRA,KM 8 VIA SOACHA - ZONA RURAL,{'url': 'https://community.secop.gov.co/Public/Tendering/OpportunityDetail/Index?noticeUID=CO1.NTC.5000109&isFromPublicArea=True'},8753344221,8753344221,9565548887,0,0,7971081575,1,1,1,7,2,28,240,150,JUNTA DE ACCION COMUNAL VEREDA LA ESPERANZA,SANDRA PATRICIA MOSQUERA RENTERIA,SANDRA PATRICIA MOSQUERA RENTERIA,800556677,33301292,10700323,17345136,CTA-BAN-0044517,3.0,0.075,1,1,0,0,1,0,0,0,0,0,0,0,0,0,0,0,0,0,0,0,0,0,0,0,0.226,0.425,9,1,1,comunitaria,1,0,15,111000000,0.186
CO1.PCCNTR.4000110,800103913,E.S.E. HOSPITAL SAN RAFAEL,CUNDINAMARCA,SOACHA,TERRITORIAL,OBRA,LICITACION PUBLICA,LIQUIDADO,72151500,2019-06-04,2019,2016-2019,CONSTRUCCION DE PLACA HUELLA EN ZONA RURAL DEL MUNICIPIO,KM 18 VIA SOACHA - ZONA RURAL,{'url': 'https://community.secop.gov.co/Public/Tendering/OpportunityDetail/Index?noticeUID=CO1.NTC.5000110&isFromPublicArea=True'},8349310906,8349310906,3813515377,2493481948,4174655453,6189614854,0,1,1,3,8,12,60,0,UNION TEMPORAL PROGRESO 2024,GLORIA ESPERANZA NINO ARAUJO,LUZ MARINA CARDENAS OSPINA,900990011,86901410,80798613,78989798,CTA-BAN-0012004,3.0,0.075,0,1,0,0,0,0,1,0,0,0,0,0,0,0,0,0,1,0,0,0,0,0,0,0,0.902,0.935,182,1,1,comunitaria,1,0,24,111000000,0.192
CO1.PCCNTR.4000111,892000501,ALCALDIA MUNICIPAL DE PUERTO GAITAN,CUNDINAMARCA,SOACHA,TERRITORIAL,CONCESION,SELECCION ABREVIADA,TERMINADO,72151500,2024-11-16,2024,2024-2027,MEJORAMIENTO DE VIA TERCIARIA EN LA VEREDA EL PORVENIR,KM 12 VIA SOACHA - ZONA RURAL,{'url': 'https://community.secop.gov.co/Public/Tendering/OpportunityDetail/Index?noticeUID=CO1.NTC.5000111&isFromPublicArea=True'},57789936564,57789936564,27338047602,20319888134,0,48040700833,0,1,0,1,9,3,180,0,INTERVENTORIAS TECNICAS ANDINAS S.A.,DIANA CAROLINA ZAPATA TORO,WILSON ALBERTO GUERRERO PAZ,860334455,77950310,82536540,60372805,CTA-BAN-0077310,5.0,0.125,1,1,1,0,0,0,0,0,0,0,0,1,0,0,0,0,0,0,0,0,0,0,0,0,0.873,0.699,6,1,3,empresas_independientes,1,0,12,111000000,0.377
CO1.PCCNTR.4000112,899999063,SERVICIO NACIONAL DE APRENDIZAJE - SENA,CUNDINAMARCA,SOACHA,NACIONAL,INTERVENTORIA,LICITACION PUBLICA,TERMINADO,72151500,2017-12-01,2017,2016-2019,MANTENIMIENTO DE LA INFRAESTRUCTURA EDUCATIVA DE LA I.E. SANTO TOMAS,KM 6 VIA SOACHA - ZONA RURAL,{'url': 'https://community.secop.gov.co/Public/Tendering/OpportunityDetail/Index?noticeUID=CO1.NTC.5000112&isFromPublicArea=True'},6000000000000000000,35320420,16302487,10929393,0,33638496,0,1,0,7,7,23,120,60,CONSTRUCTORA VIBORAL S.A.S.,DIANA CAROLINA ZAPATA TORO,OSCAR IVAN BETANCUR GIRALDO,901667788,24907086,87140278,73333147,CTA-BAN-0077310,4.0,0.1,0,1,0,0,0,0,0,0,0,0,0,0,1,0,0,0,0,0,0,0,0,0,1,1,0.554,0.939,10,1,2,consorcios,11,0,24,111000000,0.222
CO1.PCCNTR.4000113,899999034,AGENCIA NACIONAL DE INFRAESTRUCTURA - ANI,CUNDINAMARCA,SOACHA,NACIONAL,INTERVENTORIA,SELECCION ABREVIADA,TERMINADO,81101500,2024-06-11,2024,2024-2027,MEJORAMIENTO DE VIA TERCIARIA EN LA VEREDA EL PORVENIR,KM 22 VIA SOACHA - ZONA RURAL,{'url': 'https://community.secop.gov.co/Public/Tendering/OpportunityDetail/Index?noticeUID=CO1.NTC.5000113&isFromPublicArea=True'},10753185223,10753185223,6850948957,5991477375,0,11000820225,1,1,0,4,7,3,120,60,MYG LINARES S.A.S.,LUZ MARINA CARDENAS OSPINA,ALVARO JOSE PENALOZA SIERRA,900412345,69434329,58045500,81060277,CTA-BAN-0044517,7.0,0.175,1,1,1,0,0,0,0,0,0,0,0,0,1,0,0,1,0,1,0,0,0,0,0,0,0.884,0.384,4,5,5,empresas_independientes,7,0,12,111000000,0.108
CO1.PCCNTR.4000114,890801150,EMPRESA DE ACUEDUCTO Y ALCANTARILLADO E.S.P.,CUNDINAMARCA,SOACHA,TERRITORIAL,OBRA,CONTRATACION DIRECTA,TERMINADO,72151500,2021-07-06,2021,2020-2023,OPTIMIZACION DEL SISTEMA DE ACUEDUCTO Y ALCANTARILLADO,KM 39 VIA SOACHA - ZONA RURAL,{'url': 'https://community.secop.gov.co/Public/Tendering/OpportunityDetail/Index?noticeUID=CO1.NTC.5000114&isFromPublicArea=True'},6000000000000000000,374304124,255083304,169785347,0,356480119,0,1,1,5,9,15,120,60,UNION TEMPORAL PROGRESO 2024,OSCAR IVAN BETANCUR GIRALDO,JAIRO ANTONIO MENDOZA PALACIOS,900990011,46418209,48808810,13682902,CTA-BAN-0077310,9.0,0.225,2,1,1,0,0,0,0,1,0,0,0,0,0,1,0,0,0,0,0,0,0,0,1,0,0.961,0.924,8,1,5,empresas_independientes,1,6,1,111000000,0.246
CO1.PCCNTR.4000115,899999034,AGENCIA NACIONAL DE INFRAESTRUCTURA - ANI,CUNDINAMARCA,SOACHA,NACIONAL,INTERVENTORIA,CONCURSO DE MERITOS,LIQUIDADO,72141100,2017-07-25,2017,2016-2019,ADECUACION DEL PARQUE PRINCIPAL Y ESPACIO PUBLICO ADYACENTE,KM 5 VIA SOACHA - ZONA RURAL,{'url': 'https://community.secop.gov.co/Public/Tendering/OpportunityDetail/Index?noticeUID=CO1.NTC.5000115&isFromPublicArea=True'},1958673156,1958673156,1035213018,666774753,0,1863360044,1,0,1,1,12,3,240,30,CONSTRUCTORA VIBORAL S.A.S.,HERNAN DARIO QUINTERO BEDOYA,HERNAN DARIO QUINTERO BEDOYA,901667788,47741659,47741659,62324452,CTA-BAN-0077310,6.0,0.15,1,1,0,1,0,0,0,0,0,0,0,1,0,0,0,1,0,0,0,0,0,0,0,0,0.871,0.48,1,1,1,comunitaria,1,0,15,111000000,0.306
CO1.PCCNTR.4000116,899999034,AGENCIA NACIONAL DE INFRAESTRUCTURA - ANI,CUNDINAMARCA,SOACHA,NACIONAL,OBRA,MINIMA CUANTIA,LIQUIDADO,72151500,2023-12-24,2023,2020-2023,OPTIMIZACION DEL SISTEMA DE ACUEDUCTO Y ALCANTARILLADO,KM 30 VIA SOACHA - ZONA RURAL,{'url': 'https://community.secop.gov.co/Public/Tendering/OpportunityDetail/Index?noticeUID=CO1.NTC.5000116&isFromPublicArea=True'},6000000000000000000,11563577593,4238632719,5536344584,0,11012931041,0,1,0,3,2,2,90,60,MYG LINARES S.A.S.,GLORIA ESPERANZA NINO ARAUJO,JAIRO ANTONIO MENDOZA PALACIOS,900412345,97482056,99381274,90574126,CTA-BAN-0077310,5.0,0.125,1,1,0,0,0,0,0,1,0,0,0,0,0,0,0,0,0,0,0,1,0,0,1,0,0.298,0.891,6,1,1,comunitaria,1,6,4,111000000,0.178
CO1.PCCNTR.4000117,899999034,AGENCIA NACIONAL DE INFRAESTRUCTURA - ANI,CUNDINAMARCA,SOACHA,NACIONAL,CONCESION,LICITACION PUBLICA,CELEBRADO,72151500,2019-02-09,2019,2016-2019,MEJORAMIENTO DE VIA TERCIARIA EN LA VEREDA EL PORVENIR,KM 27 VIA SOACHA - ZONA RURAL,{'url': 'https://community.secop.gov.co/Public/Tendering/OpportunityDetail/Index?noticeUID=CO1.NTC.5000117&isFromPublicArea=True'},57027040315,57027040315,45760516311,20299016053,28513520157,57590622171,1,1,0,6,12,28,240,548,MYG PUERRES S.A.S.,DIANA CAROLINA ZAPATA TORO,SANDRA PATRICIA MOSQUERA RENTERIA,901556677,27464983,40598728,81975055,CTA-BAN-0077310,5.0,0.125,0,1,0,0,0,0,1,0,0,0,0,0,1,0,0,0,0,0,1,0,0,0,0,0,0.897,0.321,9,1,1,empresas_independientes,13,0,24,111000000,0.067
CO1.PCCNTR.4000118,899999061,INSTITUTO DE INFRAESTRUCTURA Y CONCESIONES DE CUNDINAMARCA - ICCU,CUNDINAMARCA,SOACHA,DEPARTAMENTAL,OBRA,CONTRATACION DIRECTA,CELEBRADO,72141100,2025-03-09,2025,2024-2027,OPTIMIZACION DEL SISTEMA DE ACUEDUCTO Y ALCANTARILLADO,KM 19 VIA SOACHA - ZONA RURAL,,109929344,109929344,1160550088,461839429,0,,0,0,0,1,6,11,120,30,JUNTA DE ACCION COMUNAL VEREDA LA ESPERANZA,GLORIA ESPERANZA NINO ARAUJO,MARTHA CECILIA ROJAS VILLAMIL,800556677,50653117,92526088,86157126,CTA-BAN-0012004,7.0,0.175,0,1,0,0,0,0,0,0,0,1,1,0,0,0,1,0,0,0,0,0,0,1,0,0,0.891,0.103,12,1,1,consorcios,1,0,1,111000000,0.251
CO1.PCCNTR.4000119,890801150,EMPRESA DE ACUEDUCTO Y ALCANTARILLADO E.S.P.,CUNDINAMARCA,SOACHA,TERRITORIAL,APP,CONCURSO DE MERITOS,EN EJECUCION,72141100,2017-05-15,2017,2016-2019,MANTENIMIENTO DE LA INFRAESTRUCTURA EDUCATIVA DE LA I.E. SANTO TOMAS,KM 30 VIA SOACHA - ZONA RURAL,{'url': 'https://community.secop.gov.co/Public/Tendering/OpportunityDetail/Index?noticeUID=CO1.NTC.5000119&isFromPublicArea=True'},41854362,41854362,17374716,12553660,0,41900193,1,1,0,1,8,26,120,0,CONSTRUCCIONES DEL NORTE LTDA,SANDRA PATRICIA MOSQUERA RENTERIA,WILSON ALBERTO GUERRERO PAZ,830112233,95570183,52235457,49184313,CTA-BAN-0091823,2.0,0.05,0,1,0,0,0,0,0,0,0,0,1,0,0,0,0,0,0,0,0,0,0,0,0,0,0.461,0.203,10,1,1,comunitaria,1,0,15,111000000,0.303
CO1.PCCNTR.4000120,899999063,SERVICIO NACIONAL DE APRENDIZAJE - SENA,CUNDINAMARCA,SOACHA,NACIONAL,OBRA,CONCURSO DE MERITOS,EN EJECUCION,81101500,2023-11-12,2023,2020-2023,CONSTRUCCION DE PLACA HUELLA EN ZONA RURAL DEL MUNICIPIO,KM 23 VIA SOACHA - ZONA RURAL,{'url': 'https://community.secop.gov.co/Public/Tendering/OpportunityDetail/Index?noticeUID=CO1.NTC.5000120&isFromPublicArea=True'},11089296256,11089296256,9011595855,1951395083,0,10530821707,1,1,1,4,4,10,90,0,CONSORCIO VIAS DEL SUR,MARTHA CECILIA ROJAS VILLAMIL,MARTHA CECILIA ROJAS VILLAMIL,901223344,10125238,10125238,90386172,CTA-BAN-0012004,5.0,0.125,1,1,0,1,0,0,0,0,0,0,0,0,0,1,0,0,0,0,0,0,0,0,0,0,0.948,0.899,9,1,1,comunitaria,1,0,15,111000000,0.283
CO1.PCCNTR.4000121,890801150,EMPRESA DE ACUEDUCTO Y ALCANTARILLADO E.S.P.,CUNDINAMARCA,SOACHA,TERRITORIAL,CONSULTORIA,CONCURSO DE MERITOS,CELEBRADO,72151500,2022-04-24,2022,2020-2023,INTERVENTORIA TECNICA ADMINISTRATIVA Y FINANCIERA AL CONTRATO DE OBRA,KM 25 VIA SOACHA - ZONA RURAL,{'url': 'https://community.secop.gov.co/Public/Tendering/OpportunityDetail/Index?noticeUID=CO1.NTC.5000121&isFromPublicArea=True'},6000000000000000000,8880565923,6691497472,5750781913,3360827134,8457681832,0,0,1,1,6,7,180,150,JUNTA DE ACCION COMUNAL VEREDA LA ESPERANZA,HERNAN DARIO QUINTERO BEDOYA,MARTHA CECILIA ROJAS VILLAMIL,800556677,50738841,28866758,69800492,CTA-BAN-0044517,8.0,0.2,1,1,0,0,0,1,0,0,0,0,0,1,0,1,0,0,0,0,0,0,0,0,1,0,0.874,0.764,12,1,1,empresas_independientes,1,0,15,111000000,0.215
CO1.PCCNTR.4000122,890801150,EMPRESA DE ACUEDUCTO Y ALCANTARILLADO E.S.P.,CUNDINAMARCA,SOACHA,TERRITORIAL,OBRA,LICITACION PUBLICA,CELEBRADO,72151500,2017-09-07,2017,2016-2019,INTERVENTORIA TECNICA ADMINISTRATIVA Y FINANCIERA AL CONTRATO DE OBRA,KM 29 VIA SOACHA - ZONA RURAL,{'url': 'https://community.secop.gov.co/Public/Tendering/OpportunityDetail/Index?noticeUID=CO1.NTC.5000122&isFromPublicArea=True'},110008473,110008473,243549275,111678769,55004236,298778342,0,0,1,6,6,6,90,30,INGENIERIA Y OBRAS CIVILES SAS,MARTHA CECILIA ROJAS VILLAMIL,ALVARO JOSE PENALOZA SIERRA,900778899,62956708,98643566,81034443,CTA-BAN-0077310,6.0,0.15,0,1,0,0,0,0,1,0,0,0,0,0,0,0,1,1,0,0,0,0,0,0,0,1,0.54,0.464,12,1,4,consorcios,1,0,24,111000000,0.313
CO1.PCCNTR.4000123,899999034,AGENCIA NACIONAL DE INFRAESTRUCTURA - ANI,CUNDINAMARCA,SOACHA,NACIONAL,INTERVENTORIA,CONTRATACION DIRECTA,EN EJECUCION,81101500,2023-01-22,2023,2020-2023,INTERVENTORIA TECNICA ADMINISTRATIVA Y FINANCIERA AL CONTRATO DE OBRA,KM 33 VIA SOACHA - ZONA RURAL,{'url': 'https://community.secop.gov.co/Public/Tendering/OpportunityDetail/Index?noticeUID=CO1.NTC.5000123&isFromPublicArea=True'},1610425211,1610425211,2042862127,0,483127563,1315170895,0,0,1,1,8,17,240,30,GRUPO EMPRESARIAL DEL CARIBE SAS,DIANA CAROLINA ZAPATA TORO,GLORIA ESPERANZA NINO ARAUJO,901445566,92730798,54299106,76656681,CTA-BAN-0044517,8.0,0.2,2,1,0,0,1,1,0,0,1,0,0,0,0,0,0,0,0,0,0,0,0,0,0,0,0.268,0.841,1,1,1,consorcios,1,0,1,111000000,0.136
CO1.PCCNTR.4000124,899999061,INSTITUTO DE INFRAESTRUCTURA Y CONCESIONES DE CUNDINAMARCA - ICCU,CUNDINAMARCA,SOACHA,DEPARTAMENTAL,OBRA,LICITACION PUBLICA,TERMINADO,81101500,2024-01-11,2024,2024-2027,CONSTRUCCION DE PLACA HUELLA EN ZONA RURAL DEL MUNICIPIO,KM 13 VIA SOACHA - ZONA RURAL,{'url': 'https://community.secop.gov.co/Public/Tendering/OpportunityDetail/Index?noticeUID=CO1.NTC.5000124&isFromPublicArea=True'},69412002,69412002,22569199,11226041,0,60542819,0,1,0,5,9,13,180,0,CONSTRUCCIONES DEL NORTE LTDA,WILSON ALBERTO GUERRERO PAZ,SANDRA PATRICIA MOSQUERA RENTERIA,830112233,81443595,89785782,53129125,CTA-BAN-0044517,1.0,0.025,0,1,0,0,0,0,0,0,0,0,0,0,0,0,0,0,0,1,0,0,0,0,0,0,0.634,0.532,1,3,1,comunitaria,1,0,24,111000000,0.263
CO1.PCCNTR.4000125,891680011,GOBERNACION DEL CHOCO,CUNDINAMARCA,SOACHA,DEPARTAMENTAL,OBRA,CONTRATACION DIRECTA,CELEBRADO,72151500,2019-12-17,2019,2016-2019,INTERVENTORIA TECNICA ADMINISTRATIVA Y FINANCIERA AL CONTRATO DE OBRA,KM 33 VIA SOACHA - ZONA RURAL,{'url': 'https://community.secop.gov.co/Public/Tendering/OpportunityDetail/Index?noticeUID=CO1.NTC.5000125&isFromPublicArea=True'},12143103815,12143103815,3110399445,2427648492,6071551907,9204066717,1,1,0,4,1,1,240,0,MYG PUERRES S.A.S.,OSCAR IVAN BETANCUR GIRALDO,JAIRO ANTONIO MENDOZA PALACIOS,901556677,10863518,58321625,47891090,CTA-BAN-0012004,5.0,0.125,0,1,0,0,0,0,1,0,0,0,0,0,1,0,0,0,0,0,0,1,0,0,0,0,0.644,0.568,4,1,1,comunitaria,13,0,1,111000000,0.251
CO1.PCCNTR.4000126,890801150,EMPRESA DE ACUEDUCTO Y ALCANTARILLADO E.S.P.,CUNDINAMARCA,SOACHA,TERRITORIAL,INTERVENTORIA,LICITACION PUBLICA,CELEBRADO,72141100,2022-04-02,2022,2020-2023,ADECUACION DEL PARQUE PRINCIPAL Y ESPACIO PUBLICO ADYACENTE,KM 21 VIA SOACHA - ZONA RURAL,,8421886222,8421886222,3318395376,5014559860,0,,1,1,1,6,4,30,180,150,MYG LINARES S.A.S.,SANDRA PATRICIA MOSQUERA RENTERIA,JAIRO ANTONIO MENDOZA PALACIOS,900412345,78092893,23719361,34217056,CTA-BAN-0091823,9.0,0.225,2,1,1,0,0,0,0,1,0,0,0,0,0,1,0,0,0,0,0,0,0,1,0,0,0.99,0.98,4,1,4,empresas_independientes,1,5,24,111000000,0.275
CO1.PCCNTR.4000127,899999034,AGENCIA NACIONAL DE INFRAESTRUCTURA - ANI,CUNDINAMARCA,SOACHA,NACIONAL,OBRA,CONCURSO DE MERITOS,EN EJECUCION,72141100,2022-08-22,2022,2020-2023,MANTENIMIENTO DE LA INFRAESTRUCTURA EDUCATIVA DE LA I.E. SANTO TOMAS,KM 30 VIA SOACHA - ZONA RURAL,{'url': 'https://community.secop.gov.co/Public/Tendering/OpportunityDetail/Index?noticeUID=CO1.NTC.5000127&isFromPublicArea=True'},1687939336,1687939336,1086208812,950754213,0,1771936690,0,0,0,7,6,3,90,60,INTERVENTORIAS TECNICAS ANDINAS S.A.,ALVARO JOSE PENALOZA SIERRA,ALVARO JOSE PENALOZA SIERRA,860334455,52646968,52646968,70719091,CTA-BAN-0012004,3.0,0.075,1,1,0,1,0,0,0,0,0,0,0,0,0,0,0,0,0,0,0,0,0,0,0,0,0.959,0.889,1,1,1,comunitaria,1,0,15,111000000,0.321
CO1.PCCNTR.4000128,899999061,INSTITUTO DE INFRAESTRUCTURA Y CONCESIONES DE CUNDINAMARCA - ICCU,CUNDINAMARCA,SOACHA,DEPARTAMENTAL,APP,LICITACION PUBLICA,EN EJECUCION,72151500,2025-09-21,2025,2024-2027,ADECUACION DEL PARQUE PRINCIPAL Y ESPACIO PUBLICO ADYACENTE,KM 10 VIA SOACHA - ZONA RURAL,{'url': 'https://community.secop.gov.co/Public/Tendering/OpportunityDetail/Index?noticeUID=CO1.NTC.5000128&isFromPublicArea=True'},349487483,349487483,237413551,113845336,0,334745929,1,1,0,3,8,6,180,416,MYG PUERRES S.A.S.,,HERNAN DARIO QUINTERO BEDOYA,901556677,,41165166,89463686,CTA-BAN-0077310,4.0,0.1,0,1,0,0,0,0,0,0,0,0,0,0,0,0,0,1,0,1,1,0,1,0,0,0,0.743,0.195,8,4,1,comunitaria,1,0,24,111000000,0.359
CO1.PCCNTR.4000129,890905211,MUNICIPIO DE EL BAGRE,CUNDINAMARCA,SOACHA,TERRITORIAL,OBRA,LICITACION PUBLICA,TERMINADO,72141100,2025-10-09,2025,2024-2027,MANTENIMIENTO DE LA INFRAESTRUCTURA EDUCATIVA DE LA I.E. SANTO TOMAS,KM 4 VIA SOACHA - ZONA RURAL,{'url': 'https://community.secop.gov.co/Public/Tendering/OpportunityDetail/Index?noticeUID=CO1.NTC.5000129&isFromPublicArea=True'},307717579,307717579,86726522,116497711,0,278632203,1,0,1,5,7,30,90,145,INGENIERIA Y OBRAS CIVILES SAS,OSCAR IVAN BETANCUR GIRALDO,SANDRA PATRICIA MOSQUERA RENTERIA,900778899,63268766,95594313,68226703,CTA-BAN-0012004,1.0,0.025,0,1,0,0,0,0,0,0,0,0,0,0,0,0,0,0,0,0,1,0,0,0,0,0,0.732,0.532,1,1,1,empresas_independientes,1,0,24,111000000,0.043
CO1.PCCNTR.4000130,899999061,INSTITUTO DE INFRAESTRUCTURA Y CONCESIONES DE CUNDINAMARCA - ICCU,CUNDINAMARCA,SOACHA,DEPARTAMENTAL,OBRA,LICITACION PUBLICA,LIQUIDADO,81101500,2019-12-22,2019,2016-2019,CONSTRUCCION DE PLACA HUELLA EN ZONA RURAL DEL MUNICIPIO,KM 39 VIA SOACHA - ZONA RURAL,{'url': 'https://community.secop.gov.co/Public/Tendering/OpportunityDetail/Index?noticeUID=CO1.NTC.5000130&isFromPublicArea=True'},85189277431,85189277431,35741412598,26953814320,0,68468115629,0,1,1,1,7,6,240,378,JUNTA DE ACCION COMUNAL VEREDA LA ESPERANZA,LUZ MARINA CARDENAS OSPINA,SANDRA PATRICIA MOSQUERA RENTERIA,800556677,92598271,61078945,52399294,CTA-BAN-0077310,5.0,0.125,0,1,0,0,0,0,0,0,0,0,0,1,0,0,0,1,0,0,1,1,0,0,0,0,0.501,0.9,5,1,1,comunitaria,1,0,24,111000000,0.295
CO1.PCCNTR.4000131,892000501,ALCALDIA MUNICIPAL DE PUERTO GAITAN,CUNDINAMARCA,SOACHA,TERRITORIAL,OBRA,CONTRATACION DIRECTA,TERMINADO,72141100,2023-02-04,2023,2020-2023,CONSTRUCCION DE PLACA HUELLA EN ZONA RURAL DEL MUNICIPIO,KM 9 VIA SOACHA - ZONA RURAL,{'url': 'https://community.secop.gov.co/Public/Tendering/OpportunityDetail/Index?noticeUID=CO1.NTC.5000131&isFromPublicArea=True'},11923032510,11923032510,10160662945,1461074159,0,11710429007,0,1,0,1,6,13,240,0,MYG PUERRES S.A.S.,ALVARO JOSE PENALOZA SIERRA,HERNAN DARIO QUINTERO BEDOYA,901556677,86231941,36604976,88043948,CTA-BAN-0044517,4.0,0.1,0,1,0,0,0,0,0,0,1,1,0,0,0,0,0,0,0,0,0,0,0,0,0,0,0.382,0.914,11,1,1,comunitaria,1,0,24,111000000,0.078
CO1.PCCNTR.4000132,800103913,E.S.E. HOSPITAL SAN RAFAEL,CUNDINAMARCA,SOACHA,TERRITORIAL,OBRA,CONTRATACION DIRECTA,TERMINADO,72141100,,2017,2016-2019,MEJORAMIENTO DE VIA TERCIARIA EN LA VEREDA EL PORVENIR,KM 15 VIA SOACHA - ZONA RURAL,{'url': 'https://community.secop.gov.co/Public/Tendering/OpportunityDetail/Index?noticeUID=CO1.NTC.5000132&isFromPublicArea=True'},47621637,47621637,13680349,20069526,14286491,48537732,1,0,0,4,5,21,120,0,INGENIERIA Y OBRAS CIVILES SAS,ALVARO JOSE PENALOZA SIERRA,LUZ MARINA CARDENAS OSPINA,900778899,11508164,95500541,67451023,CTA-BAN-0012004,6.0,0.15,1,1,0,0,0,1,0,0,0,0,0,0,0,0,0,0,0,1,0,0,1,0,0,1,0.462,0.607,7,4,4,consorcios,1,0,1,111000000,0.154
CO1.PCCNTR.4000133,800103913,E.S.E. HOSPITAL SAN RAFAEL,CUNDINAMARCA,SOACHA,TERRITORIAL,OBRA,SELECCION ABREVIADA,TERMINADO,81101500,2019-01-26,2019,2016-2019,INTERVENTORIA TECNICA ADMINISTRATIVA Y FINANCIERA AL CONTRATO DE OBRA,KM 5 VIA SOACHA - ZONA RURAL,{'url': 'https://community.secop.gov.co/Public/Tendering/OpportunityDetail/Index?noticeUID=CO1.NTC.5000133&isFromPublicArea=True'},8870696894,8870696894,5858006068,4562412952,0,7098386254,0,1,0,3,6,19,180,0,UNION TEMPORAL PROGRESO 2024,LUZ MARINA CARDENAS OSPINA,DIANA CAROLINA ZAPATA TORO,900990011,91177612,92427821,59815056,CTA-BAN-0012004,1.0,0.025,0,1,0,0,0,0,0,0,0,0,0,0,0,0,0,0,0,1,0,0,0,0,0,0,0.808,0.756,8,6,1,empresas_independientes,1,0,12,111000000,0.165
CO1.PCCNTR.4000134,890801150,EMPRESA DE ACUEDUCTO Y ALCANTARILLADO E.S.P.,CUNDINAMARCA,SOACHA,TERRITORIAL,OBRA,CONTRATACION DIRECTA,CELEBRADO,72151500,2022-06-28,2022,2020-2023,ADECUACION DEL PARQUE PRINCIPAL Y ESPACIO PUBLICO ADYACENTE,KM 23 VIA SOACHA - ZONA RURAL,{'url': 'https://community.secop.gov.co/Public/Tendering/OpportunityDetail/Index?noticeUID=CO1.NTC.5000134&isFromPublicArea=True'},1419121300,1419121300,1640185448,0,425736390,1491571156,0,0,1,4,5,30,180,30,MYG LINARES S.A.S.,SANDRA PATRICIA MOSQUERA RENTERIA,DIANA CAROLINA ZAPATA TORO,900412345,55891733,96545933,53835059,CTA-BAN-0077310,9.0,0.225,2,1,0,0,1,1,0,0,0,1,0,0,0,0,0,0,0,0,0,0,0,0,0,1,0.543,0.119,12,1,2,consorcios,1,0,15,111000000,0.134
CO1.PCCNTR.4000135,890801150,EMPRESA DE ACUEDUCTO Y ALCANTARILLADO E.S.P.,CUNDINAMARCA,SOACHA,TERRITORIAL,OBRA,LICITACION PUBLICA,LIQUIDADO,72141100,2022-11-06,2022,2020-2023,ADECUACION DEL PARQUE PRINCIPAL Y ESPACIO PUBLICO ADYACENTE,KM 22 VIA SOACHA - ZONA RURAL,{'url': 'https://community.secop.gov.co/Public/Tendering/OpportunityDetail/Index?noticeUID=CO1.NTC.5000135&isFromPublicArea=True'},2253328234,2253328234,2172171256,927039854,0,2096316895,1,0,0,7,2,27,90,0,CONSORCIO VIAS DEL SUR,LUZ MARINA CARDENAS OSPINA,,901223344,20732822,,93689742,CTA-BAN-0091823,8.0,0.2,2,1,1,0,0,0,0,1,0,0,0,0,0,0,0,0,1,0,0,0,1,0,0,0,0.855,0.205,167,1,4,empresas_independientes,1,3,24,111000000,0.164
CO1.PCCNTR.4000136,899999061,INSTITUTO DE INFRAESTRUCTURA Y CONCESIONES DE CUNDINAMARCA - ICCU,CUNDINAMARCA,SOACHA,DEPARTAMENTAL,OBRA,SELECCION ABREVIADA,CELEBRADO,72151500,2021-09-24,2021,2020-2023,MANTENIMIENTO DE LA INFRAESTRUCTURA EDUCATIVA DE LA I.E. SANTO TOMAS,KM 26 VIA SOACHA - ZONA RURAL,{'url': 'https://community.secop.gov.co/Public/Tendering/OpportunityDetail/Index?noticeUID=CO1.NTC.5000136&isFromPublicArea=True'},,441199794,238736083,118725684,0,408675524,1,1,0,7,1,21,90,0,CONSTRUCTORA VIBORAL S.A.S.,HERNAN DARIO QUINTERO BEDOYA,OSCAR IVAN BETANCUR GIRALDO,901667788,50178678,89893125,53060614,CTA-BAN-0091823,1.0,0.025,0,1,0,0,0,0,0,0,0,0,0,0,0,0,0,0,0,0,0,0,1,0,0,0,0.305,0.702,6,1,1,empresas_independientes,1,0,12,111000000,0.282
CO1.PCCNTR.4000137,899999034,AGENCIA NACIONAL DE INFRAESTRUCTURA - ANI,CUNDINAMARCA,SOACHA,NACIONAL,INTERVENTORIA,CONCURSO DE MERITOS,LIQUIDADO,81101500,2021-01-02,2021,2020-2023,ADECUACION DEL PARQUE PRINCIPAL Y ESPACIO PUBLICO ADYACENTE,KM 9 VIA SOACHA - ZONA RURAL,{'url': 'https://community.secop.gov.co/Public/Tendering/OpportunityDetail/Index?noticeUID=CO1.NTC.5000137&isFromPublicArea=True'},1337162895,1337162895,386860356,640462873,401148868,1029737303,0,0,0,1,8,10,120,30,INGENIERIA Y OBRAS CIVILES SAS,GLORIA ESPERANZA NINO ARAUJO,LUZ MARINA CARDENAS OSPINA,900778899,42356045,28266008,60700992,CTA-BAN-0091823,5.0,0.125,1,1,0,0,0,1,0,0,0,0,0,1,0,0,0,0,0,0,0,0,0,0,0,0,0.657,0.292,10,1,1,consorcios,1,0,15,111000000,0.32
CO1.PCCNTR.4000138,899999061,INSTITUTO DE INFRAESTRUCTURA Y CONCESIONES DE CUNDINAMARCA - ICCU,BOGOTA D.C.,BOGOTA D.C.,DEPARTAMENTAL,INTERVENTORIA,LICITACION PUBLICA,CELEBRADO,72141100,2021-05-26,2021,2020-2023,MANTENIMIENTO DE LA INFRAESTRUCTURA EDUCATIVA DE LA I.E. SANTO TOMAS,KM 12 VIA BOGOTA D.C. - ZONA RURAL,{'url': 'https://community.secop.gov.co/Public/Tendering/OpportunityDetail/Index?noticeUID=CO1.NTC.5000138&isFromPublicArea=True'},455945031,455945031,352523282,243173330,0,378859887,0,1,1,5,4,21,240,0,UNION TEMPORAL PROGRESO 2024,JAIRO ANTONIO MENDOZA PALACIOS,GLORIA ESPERANZA NINO ARAUJO,900990011,66704247,35509545,65647906,CTA-BAN-0044517,1.0,0.025,0,1,0,0,0,0,0,0,0,0,0,0,0,0,0,0,0,0,0,0,0,0,0,1,0.474,0.163,8,1,4,consorcios,1,0,24,111000000,0.317
CO1.PCCNTR.4000139,891680011,GOBERNACION DEL CHOCO,BOGOTA D.C.,BOGOTA D.C.,DEPARTAMENTAL,OBRA,CONTRATACION DIRECTA,CELEBRADO,72151500,2019-12-30,2019,2016-2019,OPTIMIZACION DEL SISTEMA DE ACUEDUCTO Y ALCANTARILLADO,KM 25 VIA BOGOTA D.C. - ZONA RURAL,{'url': 'https://community.secop.gov.co/Public/Tendering/OpportunityDetail/Index?noticeUID=CO1.NTC.5000139&isFromPublicArea=True'},9508529312,9508529312,7374071008,5493591023,0,8352472957,1,0,1,2,2,20,180,0,CONSTRUCTORA VIBORAL S.A.S.,DIANA CAROLINA ZAPATA TORO,DIANA CAROLINA ZAPATA TORO,901667788,37740116,37740116,20751141,CTA-BAN-0091823,9.0,0.225,2,1,0,1,0,0,0,1,0,1,0,0,0,0,0,0,0,0,0,1,0,0,0,0,0.91,0.687,9,1,1,empresas_independientes,1,5,4,111000000,0.274
CO1.PCCNTR.4000140,899999034,AGENCIA NACIONAL DE INFRAESTRUCTURA - ANI,BOGOTA D.C.,BOGOTA D.C.,NACIONAL,OBRA,CONCURSO DE MERITOS,LIQUIDADO,72151500,2023-10-18,2023,2020-2023,INTERVENTORIA TECNICA ADMINISTRATIVA Y FINANCIERA AL CONTRATO DE OBRA,KM 4 VIA BOGOTA D.C. - ZONA RURAL,{'url': 'https://community.secop.gov.co/Public/Tendering/OpportunityDetail/Index?noticeUID=CO1.NTC.5000140&isFromPublicArea=True'},11318220481,11318220481,4581281822,5101832733,0,10119023174,0,1,0,3,9,18,240,60,INGENIERIA Y OBRAS CIVILES SAS,MARTHA CECILIA ROJAS VILLAMIL,OSCAR IVAN BETANCUR GIRALDO,900778899,43453946,99290706,99814239,CTA-BAN-0091823,2.0,0.05,0,1,0,0,0,0,0,0,0,0,0,0,1,0,0,0,0,0,0,0,0,0,0,0,0.412,0.763,1,1,1,empresas_independientes,13,0,15,111000000,0.338
CO1.PCCNTR.4000141,891680011,GOBERNACION DEL CHOCO,BOGOTA D.C.,BOGOTA D.C.,DEPARTAMENTAL,INTERVENTORIA,CONCURSO DE MERITOS,EN EJECUCION,72151500,2024-03-26,2024,2024-2027,CONSTRUCCION DE PLACA HUELLA EN ZONA RURAL DEL MUNICIPIO,KM 16 VIA BOGOTA D.C. - ZONA RURAL,{'url': 'https://community.secop.gov.co/Public/Tendering/OpportunityDetail/Index?noticeUID=CO1.NTC.5000141&isFromPublicArea=True'},10147577107,10147577107,9476956801,4476393186,0,8036751977,1,0,0,7,6,3,240,60,MYG PUERRES S.A.S.,HERNAN DARIO QUINTERO BEDOYA,HERNAN DARIO QUINTERO BEDOYA,901556677,64016500,28767523,70281836,CTA-BAN-0077310,1.0,0.025,0,1,0,0,0,0,0,0,0,0,0,0,0,0,0,1,0,0,0,0,0,0,0,0,0.989,0.149,9,1,1,consorcios,1,0,15,111000000,0.394
CO1.PCCNTR.4000142,892000501,ALCALDIA MUNICIPAL DE PUERTO GAITAN,CHOCO,QUIBDO,TERRITORIAL,OBRA,SELECCION ABREVIADA,CELEBRADO,72151500,2021-10-04,2021,2020-2023,OPTIMIZACION DEL SISTEMA DE ACUEDUCTO Y ALCANTARILLADO,KM 11 VIA QUIBDO - ZONA RURAL,,77808959130,77808959130,60774919774,40631148407,0,,0,1,0,3,7,2,180,60,INTERVENTORIAS TECNICAS ANDINAS S.A.,MARTHA CECILIA ROJAS VILLAMIL,OSCAR IVAN BETANCUR GIRALDO,860334455,22866334,86474033,30299912,CTA-BAN-0012004,4.0,0.1,0,1,0,0,0,0,0,0,0,0,0,0,1,0,0,0,0,1,0,0,0,1,0,0,0.572,0.327,9,5,1,empresas_independientes,22,0,12,111000000,0.294
CO1.PCCNTR.4000143,899999034,AGENCIA NACIONAL DE INFRAESTRUCTURA - ANI,CHOCO,QUIBDO,NACIONAL,INTERVENTORIA,LICITACION PUBLICA,EN EJECUCION,81101500,2025-05-13,2025,2024-2027,ADECUACION DEL PARQUE PRINCIPAL Y ESPACIO PUBLICO ADYACENTE,KM 9 VIA QUIBDO - ZONA RURAL,{'url': 'https://community.secop.gov.co/Public/Tendering/OpportunityDetail/Index?noticeUID=CO1.NTC.5000143&isFromPublicArea=True'},1820530120,1820530120,551091081,969879741,0,1821480836,0,1,1,1,2,20,180,0,INTERVENTORIAS TECNICAS ANDINAS S.A.,DIANA CAROLINA ZAPATA TORO,HERNAN DARIO QUINTERO BEDOYA,860334455,86946653,65237133,67131854,CTA-BAN-0044517,5.0,0.125,1,1,1,0,0,0,0,0,0,0,1,0,0,0,0,0,0,0,0,0,0,0,0,0,0.683,0.392,5,1,3,empresas_independientes,1,0,24,111000000,0.041
CO1.PCCNTR.4000144,890905211,MUNICIPIO DE EL BAGRE,CHOCO,QUIBDO,TERRITORIAL,OBRA,MINIMA CUANTIA,LIQUIDADO,72141100,2024-04-05,2024,2024-2027,MANTENIMIENTO DE LA INFRAESTRUCTURA EDUCATIVA DE LA I.E. SANTO TOMAS,KM 10 VIA QUIBDO - ZONA RURAL,{'url': 'https://community.secop.gov.co/Public/Tendering/OpportunityDetail/Index?noticeUID=CO1.NTC.5000144&isFromPublicArea=True'},6000000000000000000,12330579719,14783081988,0,6430447910,11743409257,0,1,1,3,11,3,180,0,CONSORCIO VIAS DEL SUR,WILSON ALBERTO GUERRERO PAZ,LUZ MARINA CARDENAS OSPINA,901223344,41765999,49469074,77372920,CTA-BAN-0044517,7.0,0.175,1,1,0,0,1,0,1,0,0,0,0,0,0,0,0,0,1,0,0,0,0,0,1,0,0.947,0.434,198,1,1,consorcios,1,0,4,111000000,0.287
CO1.PCCNTR.4000145,800103913,E.S.E. HOSPITAL SAN RAFAEL,CHOCO,QUIBDO,TERRITORIAL,OBRA,CONTRATACION DIRECTA,EN EJECUCION,72151500,2024-08-02,2024,2024-2027,CONSTRUCCION DE PLACA HUELLA EN ZONA RURAL DEL MUNICIPIO,KM 19 VIA QUIBDO - ZONA RURAL,{'url': 'https://community.secop.gov.co/Public/Tendering/OpportunityDetail/Index?noticeUID=CO1.NTC.5000145&isFromPublicArea=True'},301403344,301403344,114179782,32685842,0,228672437,0,0,0,1,8,4,180,418,MYG PUERRES S.A.S.,JAIRO ANTONIO MENDOZA PALACIOS,,901556677,74447587,,44065064,CTA-BAN-0012004,6.0,0.15,0,1,0,0,0,0,0,0,0,1,0,1,0,0,0,0,0,0,1,0,1,0,0,0,0.523,0.413,12,1,1,empresas_independientes,1,0,4,111000000,0.298
CO1.PCCNTR.4000146,891680011,GOBERNACION DEL CHOCO,CHOCO,NO DEFINIDO,DEPARTAMENTAL,CONSULTORIA,CONTRATACION DIRECTA,TERMINADO,72151500,2023-12-30,2023,2020-2023,MANTENIMIENTO DE LA INFRAESTRUCTURA EDUCATIVA DE LA I.E. SANTO TOMAS,KM 33 VIA NO DEFINIDO - ZONA RURAL,{'url': 'https://community.secop.gov.co/Public/Tendering/OpportunityDetail/Index?noticeUID=CO1.NTC.5000146&isFromPublicArea=True'},110251737,110251737,93167940228,5771765222,0,93063643396,1,1,1,5,12,23,90,0,JUNTA DE ACCION COMUNAL VEREDA LA ESPERANZA,HERNAN DARIO QUINTERO BEDOYA,OSCAR IVAN BETANCUR GIRALDO,800556677,65715949,87858775,13848294,CTA-BAN-0044517,6.0,0.15,0,1,0,0,0,0,0,0,0,0,0,0,1,0,1,0,1,0,0,1,0,0,0,0,0.459,0.864,162,1,1,comunitaria,19,0,1,111000000,0.307
CO1.PCCNTR.4000147,899999034,AGENCIA NACIONAL DE INFRAESTRUCTURA - ANI,LA GUAJIRA,URIBIA,NACIONAL,INTERVENTORIA,LICITACION PUBLICA,EN EJECUCION,72151500,2023-03-15,2023,2020-2023,ADECUACION DEL PARQUE PRINCIPAL Y ESPACIO PUBLICO ADYACENTE,KM 19 VIA URIBIA - ZONA RURAL,{'url': 'https://community.secop.gov.co/Public/Tendering/OpportunityDetail/Index?noticeUID=CO1.NTC.5000147&isFromPublicArea=True'},108045079,108045079,40005606,19869247,32413523,41596897,0,1,1,6,12,6,120,0,CONSTRUCTORA VIBORAL S.A.S.,JAIRO ANTONIO MENDOZA PALACIOS,HERNAN DARIO QUINTERO BEDOYA,901667788,77173195,76170125,33280282,CTA-BAN-0044517,7.0,0.175,1,1,0,0,0,1,0,0,0,0,0,0,0,0,1,1,1,0,0,0,0,0,0,0,0.394,0.204,180,1,1,comunitaria,1,0,24,111000000,0.273
CO1.PCCNTR.4000148,890905211,MUNICIPIO DE EL BAGRE,LA GUAJIRA,URIBIA,TERRITORIAL,OBRA,CONTRATACION DIRECTA,TERMINADO,72141100,2019-01-16,2019,2016-2019,OPTIMIZACION DEL SISTEMA DE ACUEDUCTO Y ALCANTARILLADO,KM 11 VIA URIBIA - ZONA RURAL,{'url': 'https://community.secop.gov.co/Public/Tendering/OpportunityDetail/Index?noticeUID=CO1.NTC.5000148&isFromPublicArea=True'},1512718656,1512718656,1339298915,204668685,453815596,1514579222,1,0,0,1,4,17,120,60,INGENIERIA Y OBRAS CIVILES SAS,MARTHA CECILIA ROJAS VILLAMIL,DIANA CAROLINA ZAPATA TORO,900778899,56889819,43089824,55870604,CTA-BAN-0077310,8.0,0.2,1,1,0,0,0,1,0,0,0,1,1,0,0,0,0,0,0,0,0,0,0,0,0,1,0.709,0.554,6,1,4,consorcios,1,0,12,111000000,0.15
CO1.PCCNTR.4000149,899999034,AGENCIA NACIONAL DE INFRAESTRUCTURA - ANI,LA GUAJIRA,URIBIA,NACIONAL,INTERVENTORIA,CONTRATACION DIRECTA,EN EJECUCION,72141100,2019-12-23,2019,2016-2019,CONSTRUCCION DE PLACA HUELLA EN ZONA RURAL DEL MUNICIPIO,KM 26 VIA URIBIA - ZONA RURAL,{'url': 'https://community.secop.gov.co/Public/Tendering/OpportunityDetail/Index?noticeUID=CO1.NTC.5000149&isFromPublicArea=True'},50414879,50414879,23992538,16259174,0,39245914,0,0,0,7,3,10,180,0,GRUPO EMPRESARIAL DEL CARIBE SAS,HERNAN DARIO QUINTERO BEDOYA,DIANA CAROLINA ZAPATA TORO,901445566,29731261,14835010,85148089,CTA-BAN-0012004,1.0,0.025,0,1,0,0,0,0,0,0,0,0,0,0,0,0,0,0,0,0,0,1,0,0,0,0,0.37,0.488,5,1,1,consorcios,1,0,1,111000000,0.38
CO1.PCCNTR.4000150,899999063,SERVICIO NACIONAL DE APRENDIZAJE - SENA,BOYACA,SOGAMOSO,NACIONAL,OBRA,CONTRATACION DIRECTA,TERMINADO,72141100,2019-12-19,2019,2016-2019,MEJORAMIENTO DE VIA TERCIARIA EN LA VEREDA EL PORVENIR,KM 7 VIA SOGAMOSO - ZONA RURAL,{'url': 'https://community.secop.gov.co/Public/Tendering/OpportunityDetail/Index?noticeUID=CO1.NTC.5000150&isFromPublicArea=True'},79658184707,79658184707,16919808368,31383362791,0,71103267607,1,1,0,1,7,17,90,0,CONSTRUCTORA VIBORAL S.A.S.,OSCAR IVAN BETANCUR GIRALDO,OSCAR IVAN BETANCUR GIRALDO,901667788,66303542,66303542,59207051,CTA-BAN-0044517,8.0,0.2,1,1,0,1,0,0,0,0,1,1,0,0,0,0,0,0,0,0,0,1,0,0,0,0,0.703,0.88,9,1,1,consorcios,1,0,24,111000000,0.311
CO1.PCCNTR.4000151,899999061,INSTITUTO DE INFRAESTRUCTURA Y CONCESIONES DE CUNDINAMARCA - ICCU,BOYACA,SOGAMOSO,DEPARTAMENTAL,OBRA,CONCURSO DE MERITOS,TERMINADO,72151500,2023-12-25,2023,2020-2023,MEJORAMIENTO DE VIA TERCIARIA EN LA VEREDA EL PORVENIR,KM 2 VIA SOGAMOSO - ZONA RURAL,{'url': 'https://community.secop.gov.co/Public/Tendering/OpportunityDetail/Index?noticeUID=CO1.NTC.5000151&isFromPublicArea=True'},66154325894,66154325894,21007487313,30909370800,0,49704113532,1,0,1,1,5,14,120,0,INTERVENTORIAS TECNICAS ANDINAS S.A.,DIANA CAROLINA ZAPATA TORO,ALVARO JOSE PENALOZA SIERRA,860334455,66293533,22160573,74228886,CTA-BAN-0091823,5.0,0.125,0,1,0,0,0,0,0,0,0,0,0,1,1,0,0,0,0,0,0,1,0,0,0,0,0.823,0.187,7,1,1,consorcios,22,0,15,111000000,0.136
CO1.PCCNTR.4000152,892000501,ALCALDIA MUNICIPAL DE PUERTO GAITAN,BOYACA,TUNJA,TERRITORIAL,OBRA,CONTRATACION DIRECTA,EN EJECUCION,72141100,2023-08-25,2023,2020-2023,OPTIMIZACION DEL SISTEMA DE ACUEDUCTO Y ALCANTARILLADO,KM 20 VIA TUNJA - ZONA RURAL,{'url': 'https://community.secop.gov.co/Public/Tendering/OpportunityDetail/Index?noticeUID=CO1.NTC.5000152&isFromPublicArea=True'},63764940,63764940,19140339,19587217,0,63972177,0,1,1,1,7,20,180,281,MYG PUERRES S.A.S.,HERNAN DARIO QUINTERO BEDOYA,WILSON ALBERTO GUERRERO PAZ,901556677,76986178,13493191,57552129,CTA-BAN-0044517,6.0,0.15,0,1,0,0,0,0,0,0,0,0,1,0,0,1,0,0,1,0,1,0,0,0,0,0,0.964,0.929,139,1,1,consorcios,1,0,1,111000000,0.036
CO1.PCCNTR.4000153,899999034,AGENCIA NACIONAL DE INFRAESTRUCTURA - ANI,BOYACA,TUNJA,NACIONAL,OBRA,CONTRATACION DIRECTA,LIQUIDADO,81101500,,2019,2016-2019,OPTIMIZACION DEL SISTEMA DE ACUEDUCTO Y ALCANTARILLADO,KM 20 VIA TUNJA - ZONA RURAL,{'url': 'https://community.secop.gov.co/Public/Tendering/OpportunityDetail/Index?noticeUID=CO1.NTC.5000153&isFromPublicArea=True'},6000000000000000000,58127628,29300149,37744263,0,55359646,0,0,0,5,8,16,180,150,CONSTRUCTORA VIBORAL S.A.S.,LUZ MARINA CARDENAS OSPINA,OSCAR IVAN BETANCUR GIRALDO,901667788,58702812,79553813,76849437,CTA-BAN-0091823,6.0,0.15,0,1,0,0,0,0,0,0,0,1,0,0,0,0,1,0,0,0,0,0,1,0,1,0,0.257,0.609,12,1,1,empresas_independientes,1,0,1,111000000,0.399
CO1.PCCNTR.4000154,892000501,ALCALDIA MUNICIPAL DE PUERTO GAITAN,NARINO,PUERRES,TERRITORIAL,CONCESION,LICITACION PUBLICA,EN EJECUCION,72141100,2023-05-27,2023,2020-2023,MEJORAMIENTO DE VIA TERCIARIA EN LA VEREDA EL PORVENIR,KM 33 VIA PUERRES - ZONA RURAL,{'url': 'https://community.secop.gov.co/Public/Tendering/OpportunityDetail/Index?noticeUID=CO1.NTC.5000154&isFromPublicArea=True'},83437611878,83437611878,63534895515,32480651072,25031283563,74042940783,0,1,0,3,10,18,240,150,CONSTRUCTORA VIBORAL S.A.S.,WILSON ALBERTO GUERRERO PAZ,OSCAR IVAN BETANCUR GIRALDO,901667788,37605135,96730845,83924189,CTA-BAN-0044517,4.0,0.1,1,1,0,0,0,1,0,0,0,0,0,0,0,0,0,0,1,0,0,0,0,0,0,0,0.424,0.596,133,1,1,consorcios,1,0,24,111000000,0.353
CO1.PCCNTR.4000155,800103913,E.S.E. HOSPITAL SAN RAFAEL,NARINO,PUERRES,TERRITORIAL,OBRA,LICITACION PUBLICA,CELEBRADO,72141100,2022-07-08,2022,2020-2023,MEJORAMIENTO DE VIA TERCIARIA EN LA VEREDA EL PORVENIR,KM 13 VIA PUERRES - ZONA RURAL,{'url': 'https://community.secop.gov.co/Public/Tendering/OpportunityDetail/Index?noticeUID=CO1.NTC.5000155&isFromPublicArea=True'},86619451955,86619451955,54860626910,17322029003,25985835586,68492860329,0,1,1,4,11,22,180,30,MYG PUERRES S.A.S.,OSCAR IVAN BETANCUR GIRALDO,SANDRA PATRICIA MOSQUERA RENTERIA,901556677,88805187,31397113,28763881,CTA-BAN-0077310,3.0,0.075,1,1,0,0,0,1,0,0,0,0,0,0,0,0,0,0,0,0,0,0,0,0,0,0,0.258,0.139,9,1,1,comunitaria,1,0,24,111000000,0.305
CO1.PCCNTR.4000156,899999061,INSTITUTO DE INFRAESTRUCTURA Y CONCESIONES DE CUNDINAMARCA - ICCU,NARINO,IPIALES,DEPARTAMENTAL,OBRA,CONCURSO DE MERITOS,TERMINADO,72151500,2019-09-26,2019,2016-2019,ADECUACION DEL PARQUE PRINCIPAL Y ESPACIO PUBLICO ADYACENTE,KM 24 VIA IPIALES - ZONA RURAL,{'url': 'https://community.secop.gov.co/Public/Tendering/OpportunityDetail/Index?noticeUID=CO1.NTC.5000156&isFromPublicArea=True'},83652384454,83652384454,78164017046,30903284651,0,62381297332,0,1,0,5,8,3,180,0,CONSTRUCCIONES DEL NORTE LTDA,MARTHA CECILIA ROJAS VILLAMIL,OSCAR IVAN BETANCUR GIRALDO,830112233,87431774,46917332,64401779,CTA-BAN-0077310,1.0,0.025,0,1,0,0,0,0,0,0,0,0,0,0,0,0,0,1,0,0,0,0,0,0,0,0,0.747,0.584,5,1,1,consorcios,1,0,15,111000000,0.185
CO1.PCCNTR.4000157,899999063,SERVICIO NACIONAL DE APRENDIZAJE - SENA,VALLE DEL CAUCA,BUENAVENTURA,NACIONAL,OBRA,LICITACION PUBLICA,TERMINADO,72151500,2021-12-12,2021,2020-2023,INTERVENTORIA TECNICA ADMINISTRATIVA Y FINANCIERA AL CONTRATO DE OBRA,KM 21 VIA BUENAVENTURA - ZONA RURAL,{'url': 'https://community.secop.gov.co/Public/Tendering/OpportunityDetail/Index?noticeUID=CO1.NTC.5000157&isFromPublicArea=True'},68146545394,68146545394,33775249529,39911048603,34073272697,57131293491,0,1,1,5,3,10,90,140,INGENIERIA Y OBRAS CIVILES SAS,,ALVARO JOSE PENALOZA SIERRA,900778899,,38766816,38345924,CTA-BAN-0091823,5.0,0.125,0,1,0,0,0,0,1,0,0,0,0,0,0,0,0,0,0,0,1,0,1,0,0,1,0.486,0.618,7,1,2,consorcios,1,0,24,111000000,0.082
CO1.PCCNTR.4000158,899999063,SERVICIO NACIONAL DE APRENDIZAJE - SENA,VALLE DEL CAUCA,BUENAVENTURA,NACIONAL,CONSULTORIA,SELECCION ABREVIADA,EN EJECUCION,72141100,2017-11-01,2017,2016-2019,MEJORAMIENTO DE VIA TERCIARIA EN LA VEREDA EL PORVENIR,KM 4 VIA BUENAVENTURA - ZONA RURAL,{'url': 'https://community.secop.gov.co/Public/Tendering/OpportunityDetail/Index?noticeUID=CO1.NTC.5000158&isFromPublicArea=True'},418198170,418198170,354959879,249216512,0,427298614,0,0,1,1,5,22,90,150,CONSTRUCCIONES DEL NORTE LTDA,SANDRA PATRICIA MOSQUERA RENTERIA,WILSON ALBERTO GUERRERO PAZ,830112233,10666090,12674442,58936250,CTA-BAN-0077310,5.0,0.125,1,1,0,0,0,0,0,1,1,0,0,0,0,0,0,0,0,0,0,0,0,0,0,0,0.92,0.252,7,1,1,consorcios,1,3,12,111000000,0.255
CO1.PCCNTR.4000159,891680011,GOBERNACION DEL CHOCO,VALLE DEL CAUCA,BUENAVENTURA,DEPARTAMENTAL,INTERVENTORIA,CONCURSO DE MERITOS,LIQUIDADO,81101500,2023-11-22,2023,2020-2023,OPTIMIZACION DEL SISTEMA DE ACUEDUCTO Y ALCANTARILLADO,KM 22 VIA BUENAVENTURA - ZONA RURAL,{'url': 'https://community.secop.gov.co/Public/Tendering/OpportunityDetail/Index?noticeUID=CO1.NTC.5000159&isFromPublicArea=True'},1493519286,1493519286,791823403,148959830,0,1115183676,1,0,0,4,3,27,180,30,JUNTA DE ACCION COMUNAL VEREDA LA ESPERANZA,GLORIA ESPERANZA NINO ARAUJO,GLORIA ESPERANZA NINO ARAUJO,800556677,74580020,90121762,60105180,CTA-BAN-0012004,7.0,0.175,1,1,1,0,0,0,0,0,0,0,0,0,0,1,0,0,1,0,0,0,0,0,0,1,0.941,0.885,126,1,4,empresas_independientes,1,0,15,111000000,0.083
CO1.PCCNTR.4000160,892000501,ALCALDIA MUNICIPAL DE PUERTO GAITAN,VALLE DEL CAUCA,BUENAVENTURA,TERRITORIAL,OBRA,LICITACION PUBLICA,TERMINADO,72151500,2023-12-27,2023,2020-2023,ADECUACION DEL PARQUE PRINCIPAL Y ESPACIO PUBLICO ADYACENTE,KM 17 VIA BUENAVENTURA - ZONA RURAL,{'url': 'https://community.secop.gov.co/Public/Tendering/OpportunityDetail/Index?noticeUID=CO1.NTC.5000160&isFromPublicArea=True'},7828408496,7828408496,7014304315,1416900547,0,6078487193,0,1,0,6,4,6,120,0,INGENIERIA Y OBRAS CIVILES SAS,GLORIA ESPERANZA NINO ARAUJO,GLORIA ESPERANZA NINO ARAUJO,900778899,53335388,96998782,81488367,CTA-BAN-0044517,2.0,0.05,0,1,0,0,0,0,0,0,0,0,0,0,0,0,0,1,0,0,0,1,0,0,0,0,0.498,0.305,4,1,1,empresas_independientes,1,0,24,111000000,0.045
CO1.PCCNTR.4000161,890905211,MUNICIPIO DE EL BAGRE,VALLE DEL CAUCA,BUENAVENTURA,TERRITORIAL,OBRA,CONTRATACION DIRECTA,LIQUIDADO,72141100,2023-01-12,2023,2020-2023,MEJORAMIENTO DE VIA TERCIARIA EN LA VEREDA EL PORVENIR,KM 12 VIA BUENAVENTURA - ZONA RURAL,{'url': 'https://community.secop.gov.co/Public/Tendering/OpportunityDetail/Index?noticeUID=CO1.NTC.5000161&isFromPublicArea=True'},67026374023,67026374023,36902311829,16790426166,20107912206,54704500681,0,0,1,4,3,16,240,30,INTERVENTORIAS TECNICAS ANDINAS S.A.,MARTHA CECILIA ROJAS VILLAMIL,OSCAR IVAN BETANCUR GIRALDO,860334455,44921454,64194519,59640528,CTA-BAN-0012004,5.0,0.125,1,1,0,0,0,1,0,0,0,1,0,0,0,0,0,0,0,0,0,0,0,0,0,0,0.947,0.795,9,1,1,empresas_independientes,1,0,12,111000000,0.047
CO1.PCCNTR.4000162,899999063,SERVICIO NACIONAL DE APRENDIZAJE - SENA,VALLE DEL CAUCA,BUENAVENTURA,NACIONAL,INTERVENTORIA,LICITACION PUBLICA,EN EJECUCION,72151500,2024-07-03,2024,2024-2027,INTERVENTORIA TECNICA ADMINISTRATIVA Y FINANCIERA AL CONTRATO DE OBRA,KM 18 VIA BUENAVENTURA - ZONA RURAL,{'url': 'https://community.secop.gov.co/Public/Tendering/OpportunityDetail/Index?noticeUID=CO1.NTC.5000162&isFromPublicArea=True'},386997593,386997593,326576830,50020818,0,304965153,0,0,1,4,7,6,120,60,GRUPO EMPRESARIAL DEL CARIBE SAS,MARTHA CECILIA ROJAS VILLAMIL,MARTHA CECILIA ROJAS VILLAMIL,901445566,10396053,32958864,79644906,CTA-BAN-0044517,2.0,0.05,0,1,0,0,0,0,0,0,0,0,0,0,0,0,0,1,0,1,0,0,0,0,0,0,0.549,0.108,9,4,1,consorcios,1,0,24,111000000,0.282
CO1.PCCNTR.4000163,899999034,AGENCIA NACIONAL DE INFRAESTRUCTURA - ANI,ATLANTICO,SOLEDAD,NACIONAL,CONSULTORIA,SELECCION ABREVIADA,EN EJECUCION,72141100,2019-04-05,2019,2016-2019,MEJORAMIENTO DE VIA TERCIARIA EN LA VEREDA EL PORVENIR,KM 9 VIA SOLEDAD - ZONA RURAL,{'url': 'https://community.secop.gov.co/Public/Tendering/OpportunityDetail/Index?noticeUID=CO1.NTC.5000163&isFromPublicArea=True'},440223792,440223792,153034227,233216396,0,383332272,0,1,1,3,8,10,90,30,MYG PUERRES S.A.S.,DIANA CAROLINA ZAPATA TORO,GLORIA ESPERANZA NINO ARAUJO,901556677,58263536,71070697,90181355,CTA-BAN-0077310,5.0,0.125,1,1,1,0,0,0,0,0,0,0,0,0,0,1,0,0,0,0,0,0,0,0,0,0,0.948,0.899,12,1,5,empresas_independientes,1,0,12,111000000,0.28
CO1.PCCNTR.4000164,899999034,AGENCIA NACIONAL DE INFRAESTRUCTURA - ANI,ATLANTICO,SOLEDAD,NACIONAL,OBRA,CONTRATACION DIRECTA,LIQUIDADO,72141100,2025-12-16,2025,2024-2027,CONSTRUCCION DE PLACA HUELLA EN ZONA RURAL DEL MUNICIPIO,KM 13 VIA SOLEDAD - ZONA RURAL,,8929037834,8929037834,6227246992,2736806405,0,,0,0,0,5,3,9,180,30,INTERVENTORIAS TECNICAS ANDINAS S.A.,DIANA CAROLINA ZAPATA TORO,WILSON ALBERTO GUERRERO PAZ,860334455,62046886,17333549,76249503,CTA-BAN-0044517,2.0,0.05,0,1,0,0,0,0,0,0,0,0,0,0,0,0,0,0,0,1,0,0,0,1,0,0,0.989,0.29,8,6,1,empresas_independientes,1,0,1,111000000,0.231
CO1.PCCNTR.4000165,891680011,GOBERNACION DEL CHOCO,ATLANTICO,SOLEDAD,DEPARTAMENTAL,INTERVENTORIA,MINIMA CUANTIA,TERMINADO,72151500,2025-10-18,2025,2024-2027,CONSTRUCCION DE PLACA HUELLA EN ZONA RURAL DEL MUNICIPIO,KM 16 VIA SOLEDAD - ZONA RURAL,{'url': 'https://community.secop.gov.co/Public/Tendering/OpportunityDetail/Index?noticeUID=CO1.NTC.5000165&isFromPublicArea=True'},110492419,110492419,486424471,187944965,55246209,1235216048,0,1,1,2,2,26,180,0,INTERVENTORIAS TECNICAS ANDINAS S.A.,JAIRO ANTONIO MENDOZA PALACIOS,SANDRA PATRICIA MOSQUERA RENTERIA,860334455,22076543,54621445,69313550,CTA-BAN-0091823,5.0,0.125,0,1,0,0,0,0,1,0,0,0,0,0,0,0,1,0,0,1,0,0,0,0,0,0,0.904,0.269,11,6,1,comunitaria,1,0,4,111000000,0.323
CO1.PCCNTR.4000166,890905211,MUNICIPIO DE EL BAGRE,SUCRE,SINCELEJO,TERRITORIAL,CONSULTORIA,SELECCION ABREVIADA,EN EJECUCION,81101500,2022-01-10,2022,2020-2023,MANTENIMIENTO DE LA INFRAESTRUCTURA EDUCATIVA DE LA I.E. SANTO TOMAS,KM 18 VIA SINCELEJO - ZONA RURAL,{'url': 'https://community.secop.gov.co/Public/Tendering/OpportunityDetail/Index?noticeUID=CO1.NTC.5000166&isFromPublicArea=True'},6000000000000000000,34455096,27056854,11228755,0,32814378,1,0,1,6,11,12,120,0,GRUPO EMPRESARIAL DEL CARIBE SAS,SANDRA PATRICIA MOSQUERA RENTERIA,HERNAN DARIO QUINTERO BEDOYA,901445566,50610801,79812829,97279232,CTA-BAN-0077310,7.0,0.175,2,1,1,0,0,0,0,1,0,0,0,0,0,0,0,0,0,0,0,0,0,0,1,0,0.446,0.738,5,1,5,empresas_independientes,1,4,12,111000000,0.266
CO1.PCCNTR.4000167,800103913,E.S.E. HOSPITAL SAN RAFAEL,SUCRE,SINCELEJO,TERRITORIAL,INTERVENTORIA,MINIMA CUANTIA,TERMINADO,72151500,2024-10-13,2024,2024-2027,INTERVENTORIA TECNICA ADMINISTRATIVA Y FINANCIERA AL CONTRATO DE OBRA,KM 21 VIA SINCELEJO - ZONA RURAL,{'url': 'https://community.secop.gov.co/Public/Tendering/OpportunityDetail/Index?noticeUID=CO1.NTC.5000167&isFromPublicArea=True'},454492561,454492561,143715662,250603020,0,424395989,0,1,0,5,7,20,60,0,GRUPO EMPRESARIAL DEL CARIBE SAS,DIANA CAROLINA ZAPATA TORO,WILSON ALBERTO GUERRERO PAZ,901445566,67492615,76225873,97189278,CTA-BAN-0077310,2.0,0.05,0,1,0,0,0,0,0,0,0,0,0,0,1,0,0,0,0,0,0,0,0,0,0,0,0.934,0.105,12,1,1,comunitaria,6,0,4,111000000,0.12
CO1.PCCNTR.4000168,899999061,INSTITUTO DE INFRAESTRUCTURA Y CONCESIONES DE CUNDINAMARCA - ICCU,CORDOBA,MONTERIA,DEPARTAMENTAL,OBRA,CONTRATACION DIRECTA,CELEBRADO,72141100,2021-10-25,2021,2020-2023,MANTENIMIENTO DE LA INFRAESTRUCTURA EDUCATIVA DE LA I.E. SANTO TOMAS,KM 30 VIA MONTERIA - ZONA RURAL,{'url': 'https://community.secop.gov.co/Public/Tendering/OpportunityDetail/Index?noticeUID=CO1.NTC.5000168&isFromPublicArea=True'},71028141900,71028141900,43996183864,58658340,0,55091819975,0,1,0,1,4,1,240,30,JUNTA DE ACCION COMUNAL VEREDA LA ESPERANZA,ALVARO JOSE PENALOZA SIERRA,SANDRA PATRICIA MOSQUERA RENTERIA,800556677,57378354,16325807,69825091,CTA-BAN-0044517,6.0,0.15,1,1,1,0,0,0,0,0,0,1,0,0,0,0,0,1,0,0,0,0,0,0,0,0,0.542,0.362,6,1,2,empresas_independientes,1,0,4,111000000,0.285
CO1.PCCNTR.4000169,800103913,E.S.E. HOSPITAL SAN RAFAEL,CORDOBA,MONTERIA,TERRITORIAL,OBRA,CONTRATACION DIRECTA,TERMINADO,72141100,2017-11-06,2017,2016-2019,MEJORAMIENTO DE VIA TERCIARIA EN LA VEREDA EL PORVENIR,KM 39 VIA MONTERIA - ZONA RURAL,{'url': 'https://community.secop.gov.co/Public/Tendering/OpportunityDetail/Index?noticeUID=CO1.NTC.5000169&isFromPublicArea=True'},401161206,401161206,90597332,235001708,200580603,404275662,0,0,1,1,1,21,90,150,MYG LINARES S.A.S.,OSCAR IVAN BETANCUR GIRALDO,JAIRO ANTONIO MENDOZA PALACIOS,900412345,67521845,95895787,49938187,CTA-BAN-0012004,2.0,0.05,0,1,0,0,0,0,1,0,0,0,0,0,0,0,0,0,0,0,0,0,0,0,0,0,0.242,0.827,2,1,1,empresas_independientes,1,0,1,111000000,0.388
CO1.PCCNTR.4000170,800103913,E.S.E. HOSPITAL SAN RAFAEL,MAGDALENA,SANTA MARTA,TERRITORIAL,INTERVENTORIA,MINIMA CUANTIA,CELEBRADO,81101500,2023-12-28,2023,2020-2023,MEJORAMIENTO DE VIA TERCIARIA EN LA VEREDA EL PORVENIR,KM 31 VIA SANTA MARTA - ZONA RURAL,,2235864489,2235864489,1864744979,1279165674,0,,0,1,1,4,5,14,180,0,UNION TEMPORAL PROGRESO 2024,MARTHA CECILIA ROJAS VILLAMIL,OSCAR IVAN BETANCUR GIRALDO,900990011,36669335,95697716,68804235,CTA-BAN-0091823,5.0,0.125,1,1,1,0,0,0,0,0,0,0,0,0,0,0,0,0,1,0,0,0,0,1,0,0,0.593,0.615,97,1,3,empresas_independientes,1,0,4,111000000,0.339
CO1.PCCNTR.4000171,892000501,ALCALDIA MUNICIPAL DE PUERTO GAITAN,MAGDALENA,SANTA MARTA,TERRITORIAL,OBRA,SELECCION ABREVIADA,EN EJECUCION,72141100,2025-11-05,2025,2024-2027,ADECUACION DEL PARQUE PRINCIPAL Y ESPACIO PUBLICO ADYACENTE,KM 34 VIA SANTA MARTA - ZONA RURAL,{'url': 'https://community.secop.gov.co/Public/Tendering/OpportunityDetail/Index?noticeUID=CO1.NTC.5000171&isFromPublicArea=True'},46787599,46787599,40578130,12733762,0,35540496,1,1,1,5,4,21,180,30,INGENIERIA Y OBRAS CIVILES SAS,JAIRO ANTONIO MENDOZA PALACIOS,GLORIA ESPERANZA NINO ARAUJO,900778899,88023813,15939838,98404079,CTA-BAN-0091823,1.0,0.025,0,1,0,0,0,0,0,0,0,0,0,0,0,0,0,0,1,0,0,0,0,0,0,0,0.731,0.815,151,1,1,empresas_independientes,1,0,12,111000000,0.16
CO1.PCCNTR.4000172,890801150,EMPRESA DE ACUEDUCTO Y ALCANTARILLADO E.S.P.,MAGDALENA,SANTA MARTA,TERRITORIAL,OBRA,CONTRATACION DIRECTA,TERMINADO,72151500,2019-01-16,2019,2016-2019,CONSTRUCCION DE PLACA HUELLA EN ZONA RURAL DEL MUNICIPIO,KM 20 VIA SANTA MARTA - ZONA RURAL,{'url': 'https://community.secop.gov.co/Public/Tendering/OpportunityDetail/Index?noticeUID=CO1.NTC.5000172&isFromPublicArea=True'},6000000000000000000,2205720945,1830430701,781525637,1104242922,2100686615,0,1,0,4,1,14,240,150,CONSORCIO VIAS DEL SUR,GLORIA ESPERANZA NINO ARAUJO,JAIRO ANTONIO MENDOZA PALACIOS,901223344,10137450,81681187,36220797,CTA-BAN-0077310,6.0,0.15,0,1,0,0,0,0,1,0,0,1,0,0,0,0,0,0,0,0,0,0,0,0,1,1,0.964,0.361,4,1,2,consorcios,1,0,24,111000000,0.383
CO1.PCCNTR.4000173,899999061,INSTITUTO DE INFRAESTRUCTURA Y CONCESIONES DE CUNDINAMARCA - ICCU,SANTANDER,BARRANCABERMEJA,DEPARTAMENTAL,OBRA,MINIMA CUANTIA,EN EJECUCION,81101500,2021-05-11,2021,2020-2023,ADECUACION DEL PARQUE PRINCIPAL Y ESPACIO PUBLICO ADYACENTE,KM 3 VIA BARRANCABERMEJA - ZONA RURAL,{'url': 'https://community.secop.gov.co/Public/Tendering/OpportunityDetail/Index?noticeUID=CO1.NTC.5000173&isFromPublicArea=True'},376181798,376181798,420860528,0,0,377053178,0,0,1,1,5,26,60,142,MYG LINARES S.A.S.,LUZ MARINA CARDENAS OSPINA,MARTHA CECILIA ROJAS VILLAMIL,900412345,90296220,15507301,45059014,CTA-BAN-0044517,9.0,0.225,2,1,1,0,1,0,0,0,0,0,1,0,0,0,0,0,0,0,1,0,0,0,0,0,0.431,0.336,3,1,2,empresas_independientes,1,0,4,111000000,0.207
CO1.PCCNTR.4000174,890905211,MUNICIPIO DE EL BAGRE,SANTANDER,BARRANCABERMEJA,TERRITORIAL,CONSULTORIA,LICITACION PUBLICA,TERMINADO,72141100,2021-04-12,2021,2020-2023,CONSTRUCCION DE PLACA HUELLA EN ZONA RURAL DEL MUNICIPIO,KM 13 VIA BARRANCABERMEJA - ZONA RURAL,{'url': 'https://community.secop.gov.co/Public/Tendering/OpportunityDetail/Index?noticeUID=CO1.NTC.5000174&isFromPublicArea=True'},1561917097,1561917097,1550282413,754644908,0,1519268380,0,0,0,1,10,24,180,150,MYG PUERRES S.A.S.,MARTHA CECILIA ROJAS VILLAMIL,ALVARO JOSE PENALOZA SIERRA,901556677,27365716,94634744,73346248,CTA-BAN-0044517,8.0,0.2,1,1,0,0,0,0,0,1,1,0,0,0,0,1,0,0,0,1,0,0,0,0,0,0,0.869,0.755,7,4,1,comunitaria,1,3,24,111000000,0.07
CO1.PCCNTR.4000175,800103913,E.S.E. HOSPITAL SAN RAFAEL,CESAR,VALLEDUPAR,TERRITORIAL,INTERVENTORIA,MINIMA CUANTIA,TERMINADO,72151500,2019-07-08,2019,2016-2019,INTERVENTORIA TECNICA ADMINISTRATIVA Y FINANCIERA AL CONTRATO DE OBRA,KM 38 VIA VALLEDUPAR - ZONA RURAL,,57065214407,57065214407,44920339180,9148529071,0,,1,0,0,1,11,21,60,60,JUNTA DE ACCION COMUNAL VEREDA LA ESPERANZA,LUZ MARINA CARDENAS OSPINA,HERNAN DARIO QUINTERO BEDOYA,800556677,43043470,61526703,47741385,CTA-BAN-0044517,4.0,0.1,1,1,1,0,0,0,0,0,0,0,0,0,0,0,0,0,0,0,0,0,0,1,0,0,0.379,0.859,7,1,3,empresas_independientes,1,0,4,111000000,0.21
CO1.PCCNTR.4000176,892000501,ALCALDIA MUNICIPAL DE PUERTO GAITAN,META,PUERTO GAITAN,TERRITORIAL,OBRA,CONTRATACION DIRECTA,CELEBRADO,72141100,2025-02-03,2025,2024-2027,MEJORAMIENTO DE VIA TERCIARIA EN LA VEREDA EL PORVENIR,KM 1 VIA PUERTO GAITAN - ZONA RURAL,{'url': 'https://community.secop.gov.co/Public/Tendering/OpportunityDetail/Index?noticeUID=CO1.NTC.5000176&isFromPublicArea=True'},63407888,63407888,13275304,10006525,19022366,50299928,0,0,1,1,10,15,60,150,GRUPO EMPRESARIAL DEL CARIBE SAS,HERNAN DARIO QUINTERO BEDOYA,JAIRO ANTONIO MENDOZA PALACIOS,901445566,64289393,38805980,95052079,CTA-BAN-0077310,7.0,0.175,1,1,0,0,0,1,0,0,1,0,0,1,0,0,0,0,0,0,0,0,0,0,0,0,0.813,0.596,6,1,1,consorcios,1,0,1,111000000,0.127
CO1.PCCNTR.4000177,899999063,SERVICIO NACIONAL DE APRENDIZAJE - SENA,META,PUERTO GAITAN,NACIONAL,OBRA,SELECCION ABREVIADA,EN EJECUCION,81101500,2019-12-24,2019,2016-2019,CONSTRUCCION DE PLACA HUELLA EN ZONA RURAL DEL MUNICIPIO,KM 34 VIA PUERTO GAITAN - ZONA RURAL,{'url': 'https://community.secop.gov.co/Public/Tendering/OpportunityDetail/Index?noticeUID=CO1.NTC.5000177&isFromPublicArea=True'},6000000000000000000,285899086,143154958,70071199,0,272284844,0,0,1,1,6,25,180,150,MYG LINARES S.A.S.,OSCAR IVAN BETANCUR GIRALDO,ALVARO JOSE PENALOZA SIERRA,900412345,50573901,59902113,72849017,CTA-BAN-0077310,5.0,0.125,0,1,0,0,0,0,0,0,0,0,1,0,0,0,0,0,1,0,0,1,0,0,1,0,0.299,0.614,170,1,1,consorcios,1,0,12,111000000,0.208
CO1.PCCNTR.4000178,891680011,GOBERNACION DEL CHOCO,CASANARE,YOPAL,DEPARTAMENTAL,INTERVENTORIA,SELECCION ABREVIADA,CELEBRADO,72141100,2024-09-25,2024,2024-2027,MEJORAMIENTO DE VIA TERCIARIA EN LA VEREDA EL PORVENIR,KM 37 VIA YOPAL - ZONA RURAL,{'url': 'https://community.secop.gov.co/Public/Tendering/OpportunityDetail/Index?noticeUID=CO1.NTC.5000178&isFromPublicArea=True'},66935579,66935579,79696520,0,0,68828766,0,0,1,4,8,5,240,60,CONSTRUCTORA VIBORAL S.A.S.,JAIRO ANTONIO MENDOZA PALACIOS,GLORIA ESPERANZA NINO ARAUJO,901667788,48881471,14544148,12271781,CTA-BAN-0091823,3.0,0.075,1,1,0,0,1,0,0,0,0,0,0,0,0,0,0,0,0,0,0,0,0,0,0,0,0.514,0.514,6,1,1,empresas_independientes,1,0,12,111000000,0.188
CO1.PCCNTR.4000179,890801150,EMPRESA DE ACUEDUCTO Y ALCANTARILLADO E.S.P.,ARAUCA,SARAVENA,TERRITORIAL,CONCESION,SELECCION ABREVIADA,TERMINADO,72151500,2023-11-16,2023,2020-2023,OPTIMIZACION DEL SISTEMA DE ACUEDUCTO Y ALCANTARILLADO,KM 20 VIA SARAVENA - ZONA RURAL,,498390800,498390800,466910847,20244733,0,,1,0,0,5,11,10,60,30,MYG PUERRES S.A.S.,GLORIA ESPERANZA NINO ARAUJO,DIANA CAROLINA ZAPATA TORO,901556677,17527234,56986857,82733299,CTA-BAN-0044517,1.0,0.025,0,1,0,0,0,0,0,0,0,0,0,0,0,0,0,0,0,0,0,0,0,1,0,0,0.355,0.288,10,1,1,comunitaria,1,0,12,111000000,0.134
CO1.PCCNTR.4000180,899999034,AGENCIA NACIONAL DE INFRAESTRUCTURA - ANI,ARAUCA,SARAVENA,NACIONAL,OBRA,MINIMA CUANTIA,CELEBRADO,81101500,2017-08-22,2017,2016-2019,ADECUACION DEL PARQUE PRINCIPAL Y ESPACIO PUBLICO ADYACENTE,KM 9 VIA SARAVENA - ZONA RURAL,{'url': 'https://community.secop.gov.co/Public/Tendering/OpportunityDetail/Index?noticeUID=CO1.NTC.5000180&isFromPublicArea=True'},93261989917,93261989917,117742561491,0,0,81773877742,1,1,1,2,8,14,90,150,MYG LINARES S.A.S.,MARTHA CECILIA ROJAS VILLAMIL,OSCAR IVAN BETANCUR GIRALDO,900412345,14963068,13669098,89607634,CTA-BAN-0091823,3.0,0.075,1,1,0,0,1,0,0,0,0,0,0,0,0,0,0,0,0,0,0,0,0,0,0,0,0.455,0.642,2,1,1,comunitaria,1,0,4,111000000,0.197
CO1.PCCNTR.4000181,899999061,INSTITUTO DE INFRAESTRUCTURA Y CONCESIONES DE CUNDINAMARCA - ICCU,PUTUMAYO,MOCOA,DEPARTAMENTAL,CONCESION,SELECCION ABREVIADA,TERMINADO,72141100,2019-12-31,2019,2016-2019,ADECUACION DEL PARQUE PRINCIPAL Y ESPACIO PUBLICO ADYACENTE,KM 19 VIA MOCOA - ZONA RURAL,{'url': 'https://community.secop.gov.co/Public/Tendering/OpportunityDetail/Index?noticeUID=CO1.NTC.5000181&isFromPublicArea=True'},43106325,43106325,16373712,22985494,0,36826503,0,1,0,2,1,18,90,150,MYG LINARES S.A.S.,ALVARO JOSE PENALOZA SIERRA,MARTHA CECILIA ROJAS VILLAMIL,900412345,21311273,57330739,51236259,CTA-BAN-0012004,4.0,0.1,1,1,0,0,0,0,0,1,0,0,0,0,0,0,0,0,0,0,0,1,0,0,0,0,0.227,0.886,11,1,1,comunitaria,1,2,12,111000000,0.241
CO1.PCCNTR.4000182,800103913,E.S.E. HOSPITAL SAN RAFAEL,VICHADA,CUMARIBO,TERRITORIAL,OBRA,LICITACION PUBLICA,LIQUIDADO,72141100,2019-04-22,2019,2016-2019,ADECUACION DEL PARQUE PRINCIPAL Y ESPACIO PUBLICO ADYACENTE,KM 29 VIA CUMARIBO - ZONA RURAL,{'url': 'https://community.secop.gov.co/Public/Tendering/OpportunityDetail/Index?noticeUID=CO1.NTC.5000182&isFromPublicArea=True'},6000000000000000000,78093528282,67608256333,36857368796,0,74374788840,0,1,0,4,1,10,120,60,JUNTA DE ACCION COMUNAL VEREDA LA ESPERANZA,JAIRO ANTONIO MENDOZA PALACIOS,LUZ MARINA CARDENAS OSPINA,800556677,37658827,90274607,29067385,CTA-BAN-0077310,4.0,0.1,1,1,0,0,0,0,0,1,0,0,0,0,0,0,0,0,0,0,0,0,0,0,1,0,0.711,0.293,7,1,1,empresas_independientes,1,6,24,111000000,0.127
CO1.PCCNTR.4000183,899999034,AGENCIA NACIONAL DE INFRAESTRUCTURA - ANI,AMAZONAS,LETICIA,NACIONAL,OBRA,CONTRATACION DIRECTA,CELEBRADO,81101500,2022-11-16,2022,2020-2023,MEJORAMIENTO DE VIA TERCIARIA EN LA VEREDA EL PORVENIR,KM 33 VIA LETICIA - ZONA RURAL,{'url': 'https://community.secop.gov.co/Public/Tendering/OpportunityDetail/Index?noticeUID=CO1.NTC.5000183&isFromPublicArea=True'},66447987,66447987,74723443,0,0,50785086,1,1,1,2,4,15,120,30,CONSORCIO VIAS DEL SUR,GLORIA ESPERANZA NINO ARAUJO,SANDRA PATRICIA MOSQUERA RENTERIA,901223344,94814330,41395864,77856785,CTA-BAN-0012004,8.0,0.2,1,1,0,0,1,0,0,0,0,1,0,0,1,0,0,0,0,1,0,0,0,0,0,0,0.38,0.719,7,6,1,empresas_independientes,11,0,1,111000000,0.233
CO1.PCCNTR.4000184,892000501,ALCALDIA MUNICIPAL DE PUERTO GAITAN,GUAINIA,INIRIDA,TERRITORIAL,INTERVENTORIA,MINIMA CUANTIA,EN EJECUCION,72151500,2023-06-23,2023,2020-2023,CONSTRUCCION DE PLACA HUELLA EN ZONA RURAL DEL MUNICIPIO,KM 37 VIA INIRIDA - ZONA RURAL,{'url': 'https://community.secop.gov.co/Public/Tendering/OpportunityDetail/Index?noticeUID=CO1.NTC.5000184&isFromPublicArea=True'},98552375671,98552375671,52620597243,42893181567,49276187835,98900960086,0,1,0,1,9,17,60,150,CONSORCIO VIAS DEL SUR,WILSON ALBERTO GUERRERO PAZ,ALVARO JOSE PENALOZA SIERRA,901223344,32342702,42051510,59707971,CTA-BAN-0012004,6.0,0.15,0,1,0,0,0,0,1,0,0,0,1,1,0,0,0,0,0,0,0,0,0,0,0,0,0.719,0.445,2,1,1,consorcios,1,0,4,111000000,0.29
CO1.PCCNTR.4000185,899999061,INSTITUTO DE INFRAESTRUCTURA Y CONCESIONES DE CUNDINAMARCA - ICCU,TOLIMA,IBAGUE,DEPARTAMENTAL,CONSULTORIA,LICITACION PUBLICA,TERMINADO,72141100,2023-01-12,2023,2020-2023,INTERVENTORIA TECNICA ADMINISTRATIVA Y FINANCIERA AL CONTRATO DE OBRA,KM 14 VIA IBAGUE - ZONA RURAL,{'url': 'https://community.secop.gov.co/Public/Tendering/OpportunityDetail/Index?noticeUID=CO1.NTC.5000185&isFromPublicArea=True'},1785312992,1785312992,1357735410,798748152,0,1768814127,0,0,1,1,2,28,240,0,INGENIERIA Y OBRAS CIVILES SAS,ALVARO JOSE PENALOZA SIERRA,HERNAN DARIO QUINTERO BEDOYA,900778899,56479106,51206107,72310274,CTA-BAN-0091823,2.0,0.05,0,1,0,0,0,0,0,0,0,0,0,0,0,1,0,0,0,0,0,0,0,0,0,0,0.88,0.774,4,1,1,comunitaria,1,0,24,111000000,0.143
CO1.PCCNTR.4000186,899999063,SERVICIO NACIONAL DE APRENDIZAJE - SENA,TOLIMA,IBAGUE,NACIONAL,OBRA,SELECCION ABREVIADA,EN EJECUCION,72141100,2021-12-02,2021,2020-2023,OPTIMIZACION DEL SISTEMA DE ACUEDUCTO Y ALCANTARILLADO,KM 38 VIA IBAGUE - ZONA RURAL,{'url': 'https://community.secop.gov.co/Public/Tendering/OpportunityDetail/Index?noticeUID=CO1.NTC.5000186&isFromPublicArea=True'},106971663,106971663,796409529,747676386,0,107307485,0,1,0,1,6,3,240,30,INGENIERIA Y OBRAS CIVILES SAS,ALVARO JOSE PENALOZA SIERRA,DIANA CAROLINA ZAPATA TORO,900778899,69518292,79199913,49032703,CTA-BAN-0091823,5.0,0.125,0,1,0,0,0,0,0,0,0,0,1,0,0,0,1,1,0,0,0,0,0,0,0,0,0.7,0.24,6,1,1,consorcios,1,0,12,111000000,0.131
CO1.PCCNTR.4000187,800103913,E.S.E. HOSPITAL SAN RAFAEL,HUILA,NEIVA,TERRITORIAL,OBRA,MINIMA CUANTIA,CELEBRADO,81101500,2022-04-14,2022,2020-2023,OPTIMIZACION DEL SISTEMA DE ACUEDUCTO Y ALCANTARILLADO,KM 36 VIA NEIVA - ZONA RURAL,{'url': 'https://community.secop.gov.co/Public/Tendering/OpportunityDetail/Index?noticeUID=CO1.NTC.5000187&isFromPublicArea=True'},10752177622,10752177622,6890950338,1612462791,3225653286,8246386769,0,0,1,4,9,18,60,30,INGENIERIA Y OBRAS CIVILES SAS,JAIRO ANTONIO MENDOZA PALACIOS,OSCAR IVAN BETANCUR GIRALDO,900778899,82092195,57050343,87374823,CTA-BAN-0091823,3.0,0.075,1,1,0,0,0,1,0,0,0,0,0,0,0,0,0,0,0,0,0,0,0,0,0,0,0.476,0.117,2,1,1,consorcios,1,0,4,111000000,0.349
CO1.PCCNTR.4000188,890905211,MUNICIPIO DE EL BAGRE,HUILA,NEIVA,TERRITORIAL,OBRA,SELECCION ABREVIADA,LIQUIDADO,81101500,2019-12-12,2019,2016-2019,INTERVENTORIA TECNICA ADMINISTRATIVA Y FINANCIERA AL CONTRATO DE OBRA,KM 34 VIA NEIVA - ZONA RURAL,{'url': 'https://community.secop.gov.co/Public/Tendering/OpportunityDetail/Index?noticeUID=CO1.NTC.5000188&isFromPublicArea=True'},,71942481784,26394482071,12286730990,0,53791073534,0,1,1,2,12,17,120,30,CONSORCIO VIAS DEL SUR,WILSON ALBERTO GUERRERO PAZ,OSCAR IVAN BETANCUR GIRALDO,901223344,12291434,73959954,68893711,CTA-BAN-0012004,1.0,0.025,0,1,0,0,0,0,0,0,0,0,0,0,0,0,0,0,0,0,0,0,1,0,0,0,0.921,0.885,3,1,1,comunitaria,1,0,12,111000000,0.177
CO1.PCCNTR.4000189,890905211,MUNICIPIO DE EL BAGRE,CAUCA,POPAYAN,TERRITORIAL,OBRA,CONCURSO DE MERITOS,TERMINADO,72151500,2022-09-20,2022,2020-2023,CONSTRUCCION DE PLACA HUELLA EN ZONA RURAL DEL MUNICIPIO,KM 16 VIA POPAYAN - ZONA RURAL,{'url': 'https://community.secop.gov.co/Public/Tendering/OpportunityDetail/Index?noticeUID=CO1.NTC.5000189&isFromPublicArea=True'},14063768218,14063768218,13492297547,5986147486,0,10664908905,1,0,1,1,7,18,180,0,UNION TEMPORAL PROGRESO 2024,DIANA CAROLINA ZAPATA TORO,MARTHA CECILIA ROJAS VILLAMIL,900990011,91063666,68828575,59920326,CTA-BAN-0044517,4.0,0.1,0,1,0,0,0,0,0,0,0,0,0,1,1,0,0,0,0,0,0,0,0,0,0,0,0.227,0.899,1,1,1,consorcios,17,0,15,111000000,0.319
CO1.PCCNTR.4000190,899999061,INSTITUTO DE INFRAESTRUCTURA Y CONCESIONES DE CUNDINAMARCA - ICCU,CAUCA,POPAYAN,DEPARTAMENTAL,OBRA,CONTRATACION DIRECTA,CELEBRADO,72141100,2025-02-27,2025,2024-2027,OPTIMIZACION DEL SISTEMA DE ACUEDUCTO Y ALCANTARILLADO,KM 3 VIA POPAYAN - ZONA RURAL,,109710216,109710216,65799241774,28041143889,0,,0,0,1,1,6,27,240,433,INGENIERIA Y OBRAS CIVILES SAS,HERNAN DARIO QUINTERO BEDOYA,OSCAR IVAN BETANCUR GIRALDO,900778899,26361731,97456572,94988064,CTA-BAN-0012004,6.0,0.15,0,1,0,0,0,0,0,0,0,0,1,0,0,0,1,0,0,0,1,0,0,1,0,0,0.226,0.479,6,1,1,empresas_independientes,1,0,1,111000000,0.18
CO1.PCCNTR.4000191,892000501,ALCALDIA MUNICIPAL DE PUERTO GAITAN,CALDAS,MANIZALES,TERRITORIAL,INTERVENTORIA,SELECCION ABREVIADA,LIQUIDADO,72141100,2024-08-25,2024,2024-2027,INTERVENTORIA TECNICA ADMINISTRATIVA Y FINANCIERA AL CONTRATO DE OBRA,KM 38 VIA MANIZALES - ZONA RURAL,{'url': 'https://community.secop.gov.co/Public/Tendering/OpportunityDetail/Index?noticeUID=CO1.NTC.5000191&isFromPublicArea=True'},108958701,108958701,274508263,3615505,0,419476515,0,1,0,5,8,3,120,30,GRUPO EMPRESARIAL DEL CARIBE SAS,LUZ MARINA CARDENAS OSPINA,DIANA CAROLINA ZAPATA TORO,901445566,97945382,41217102,27345170,CTA-BAN-0091823,3.0,0.075,0,1,0,0,0,0,0,0,0,0,0,0,0,0,1,1,0,0,0,0,0,0,0,0,0.731,0.139,3,1,1,empresas_independientes,1,0,12,111000000,0.335
CO1.PCCNTR.4000192,800103913,E.S.E. HOSPITAL SAN RAFAEL,RISARALDA,PEREIRA,TERRITORIAL,OBRA,LICITACION PUBLICA,CELEBRADO,72141100,2022-02-19,2022,2020-2023,CONSTRUCCION DE PLACA HUELLA EN ZONA RURAL DEL MUNICIPIO,KM 7 VIA PEREIRA - ZONA RURAL,,107109385,107109385,25818591790,33280737294,0,,0,1,1,6,4,1,60,30,UNION TEMPORAL PROGRESO 2024,MARTHA CECILIA ROJAS VILLAMIL,OSCAR IVAN BETANCUR GIRALDO,900990011,47732439,15507621,51645032,CTA-BAN-0077310,3.0,0.075,0,1,0,0,0,0,0,0,0,0,0,0,0,0,1,0,0,0,0,0,0,1,0,0,0.443,0.599,3,1,1,comunitaria,1,0,24,111000000,0.045
CO1.PCCNTR.4000193,800103913,E.S.E. HOSPITAL SAN RAFAEL,QUINDIO,ARMENIA,TERRITORIAL,INTERVENTORIA,LICITACION PUBLICA,EN EJECUCION,72151500,2024-04-24,2024,2024-2027,MANTENIMIENTO DE LA INFRAESTRUCTURA EDUCATIVA DE LA I.E. SANTO TOMAS,KM 40 VIA ARMENIA - ZONA RURAL,{'url': 'https://community.secop.gov.co/Public/Tendering/OpportunityDetail/Index?noticeUID=CO1.NTC.5000193&isFromPublicArea=True'},6000000000000000000,9688006367,2618617878,4556688627,0,9226672731,1,1,1,1,6,12,120,60,CONSORCIO VIAS DEL SUR,MARTHA CECILIA ROJAS VILLAMIL,HERNAN DARIO QUINTERO BEDOYA,901223344,65066083,36432106,69891940,CTA-BAN-0077310,6.0,0.15,0,1,0,0,0,0,0,0,0,0,1,0,0,1,0,0,0,0,0,0,0,0,1,1,0.865,0.748,4,1,3,consorcios,1,0,24,111000000,0.052
CO1.PCCNTR.4000194,899999061,INSTITUTO DE INFRAESTRUCTURA Y CONCESIONES DE CUNDINAMARCA - ICCU,NORTE DE SANTANDER,CUCUTA,DEPARTAMENTAL,CONSULTORIA,CONCURSO DE MERITOS,EN EJECUCION,72141100,2019-05-26,2019,2016-2019,CONSTRUCCION DE PLACA HUELLA EN ZONA RURAL DEL MUNICIPIO,KM 4 VIA CUCUTA - ZONA RURAL,{'url': 'https://community.secop.gov.co/Public/Tendering/OpportunityDetail/Index?noticeUID=CO1.NTC.5000194&isFromPublicArea=True'},1542598756,1542598756,1295547586,193128564,0,1256346749,1,0,0,1,12,16,120,158,CONSTRUCTORA VIBORAL S.A.S.,HERNAN DARIO QUINTERO BEDOYA,DIANA CAROLINA ZAPATA TORO,,63211969,26383685,28589395,CTA-BAN-0012004,6.0,0.15,0,1,0,0,0,0,0,0,0,0,0,1,1,0,0,0,0,0,1,0,1,0,0,0,0.404,0.372,7,1,1,comunitaria,4,0,15,111000000,0.082
CO1.PCCNTR.4000195,899999061,INSTITUTO DE INFRAESTRUCTURA Y CONCESIONES DE CUNDINAMARCA - ICCU,NORTE DE SANTANDER,CUCUTA,DEPARTAMENTAL,OBRA,SELECCION ABREVIADA,TERMINADO,72141100,2019-09-14,2019,2016-2019,ADECUACION DEL PARQUE PRINCIPAL Y ESPACIO PUBLICO ADYACENTE,KM 13 VIA CUCUTA - ZONA RURAL,{'url': 'https://community.secop.gov.co/Public/Tendering/OpportunityDetail/Index?noticeUID=CO1.NTC.5000195&isFromPublicArea=True'},108894653,108894653,5676183305,5268306992,0,8708501591,0,0,0,7,6,27,180,60,JUNTA DE ACCION COMUNAL VEREDA LA ESPERANZA,GLORIA ESPERANZA NINO ARAUJO,SANDRA PATRICIA MOSQUERA RENTERIA,800556677,42920343,89148708,93336521,CTA-BAN-0091823,2.0,0.05,0,1,0,0,0,0,0,0,0,0,0,0,0,0,1,0,0,0,0,0,0,0,0,0,0.237,0.832,9,1,1,empresas_independientes,1,0,12,111000000,0.101
CO1.PCCNTR.4000196,899999034,AGENCIA NACIONAL DE INFRAESTRUCTURA - ANI,NORTE DE SANTANDER,CUCUTA,NACIONAL,OBRA,LICITACION PUBLICA,CELEBRADO,81101500,2023-09-04,2023,2020-2023,CONSTRUCCION DE PLACA HUELLA EN ZONA RURAL DEL MUNICIPIO,KM 39 VIA CUCUTA - ZONA RURAL,{'url': 'https://community.secop.gov.co/Public/Tendering/OpportunityDetail/Index?noticeUID=CO1.NTC.5000196&isFromPublicArea=True'},43641149,43641149,13762297,20704213,21820574,44644413,0,0,0,1,4,12,240,30,UNION TEMPORAL PROGRESO 2024,MARTHA CECILIA ROJAS VILLAMIL,WILSON ALBERTO GUERRERO PAZ,900990011,69843579,70385265,98913138,CTA-BAN-0091823,7.0,0.175,0,1,0,0,0,0,1,0,1,0,0,0,1,0,0,0,0,0,0,0,0,0,0,1,0.231,0.92,5,1,2,consorcios,10,0,24,111000000,0.211
CO1.PCCNTR.4000197,899999034,AGENCIA NACIONAL DE INFRAESTRUCTURA - ANI,BOLIVAR,CARTAGENA,NACIONAL,OBRA,SELECCION ABREVIADA,CELEBRADO,72151500,2017-10-15,2017,2016-2019,ADECUACION DEL PARQUE PRINCIPAL Y ESPACIO PUBLICO ADYACENTE,KM 23 VIA CARTAGENA - ZONA RURAL,{'url': 'https://community.secop.gov.co/Public/Tendering/OpportunityDetail/Index?noticeUID=CO1.NTC.5000197&isFromPublicArea=True'},317337186,317337186,276659407,46843808,158668593,323120017,0,1,1,1,6,6,60,150,CONSTRUCCIONES DEL NORTE LTDA,ALVARO JOSE PENALOZA SIERRA,ALVARO JOSE PENALOZA SIERRA,830112233,77161025,34048718,55688413,CTA-BAN-0077310,4.0,0.1,0,1,0,0,0,0,1,0,0,0,0,1,0,0,0,0,0,0,0,0,0,0,0,0,0.803,0.211,3,1,1,comunitaria,1,0,12,111000000,0.264
CO1.PCCNTR.4000198,899999063,SERVICIO NACIONAL DE APRENDIZAJE - SENA,BOLIVAR,CARTAGENA,NACIONAL,OBRA,CONTRATACION DIRECTA,TERMINADO,81101500,2022-09-19,2022,2020-2023,CONSTRUCCION DE PLACA HUELLA EN ZONA RURAL DEL MUNICIPIO,KM 28 VIA CARTAGENA - ZONA RURAL,{'url': 'https://community.secop.gov.co/Public/Tendering/OpportunityDetail/Index?noticeUID=CO1.NTC.5000198&isFromPublicArea=True'},6000000000000000000,1510369936,928176249,117332011,0,1438447559,1,1,0,5,3,1,120,150,MYG LINARES S.A.S.,DIANA CAROLINA ZAPATA TORO,DIANA CAROLINA ZAPATA TORO,900412345,11042201,11042201,38287137,CTA-BAN-0012004,9.0,0.225,2,1,1,1,0,0,0,0,0,1,0,0,0,0,0,0,0,0,0,0,0,0,1,0,0.675,0.349,12,1,5,empresas_independientes,1,0,12,111000000,0.024
CO1.PCCNTR.4000199,899999063,SERVICIO NACIONAL DE APRENDIZAJE - SENA,BOLIVAR,CARTAGENA,NACIONAL,INTERVENTORIA,SELECCION ABREVIADA,LIQUIDADO,72141100,2017-08-26,2017,2016-2019,CONSTRUCCION DE PLACA HUELLA EN ZONA RURAL DEL MUNICIPIO,KM 35 VIA CARTAGENA - ZONA RURAL,{'url': 'https://community.secop.gov.co/Public/Tendering/OpportunityDetail/Index?noticeUID=CO1.NTC.5000199&isFromPublicArea=True'},45260976,45260976,24423739,16777225,0,40744081,0,0,0,4,9,19,90,150,CONSTRUCTORA VIBORAL S.A.S.,DIANA CAROLINA ZAPATA TORO,GLORIA ESPERANZA NINO ARAUJO,901667788,67747920,47325726,49207760,CTA-BAN-0012004,5.0,0.125,1,1,0,0,0,0,0,1,0,0,0,0,1,0,0,0,0,0,0,0,0,0,0,0,0.973,0.354,7,1,1,comunitaria,18,4,12,111000000,0.148
CO1.PCCNTR.4000200,899999034,AGENCIA NACIONAL DE INFRAESTRUCTURA - ANI,BOLIVAR,CARTAGENA,NACIONAL,APP,MINIMA CUANTIA,TERMINADO,72141100,2021-09-05,2021,2020-2023,MANTENIMIENTO DE LA INFRAESTRUCTURA EDUCATIVA DE LA I.E. SANTO TOMAS,KM 32 VIA CARTAGENA - ZONA RURAL,{'url': 'https://community.secop.gov.co/Public/Tendering/OpportunityDetail/Index?noticeUID=CO1.NTC.5000200&isFromPublicArea=True'},8511679564,8511679564,9635504320,0,0,8210809320,0,1,0,5,5,10,180,150,UNION TEMPORAL PROGRESO 2024,OSCAR IVAN BETANCUR GIRALDO,,900990011,54261913,,37550618,CTA-BAN-0044517,9.0,0.225,2,1,0,1,1,0,0,0,0,0,0,0,0,1,0,0,0,0,0,0,1,0,0,0,0.978,0.956,4,1,1,consorcios,1,0,4,111000000,0.219
CO1.PCCNTR.4000201,899999061,INSTITUTO DE INFRAESTRUCTURA Y CONCESIONES DE CUNDINAMARCA - ICCU,CAQUETA,FLORENCIA,DEPARTAMENTAL,OBRA,MINIMA CUANTIA,TERMINADO,72151500,2023-01-23,2023,2020-2023,ADECUACION DEL PARQUE PRINCIPAL Y ESPACIO PUBLICO ADYACENTE,KM 38 VIA FLORENCIA - ZONA RURAL,{'url': 'https://community.secop.gov.co/Public/Tendering/OpportunityDetail/Index?noticeUID=CO1.NTC.5000201&isFromPublicArea=True'},6000000000000000000,10941928532,11967435728,3958725430,32669363,10420884317,0,0,0,6,7,15,90,0,CONSTRUCTORA VIBORAL S.A.S.,SANDRA PATRICIA MOSQUERA RENTERIA,LUZ MARINA CARDENAS OSPINA,901667788,83071585,45353837,23323668,CTA-BAN-0077310,6.0,0.15,1,1,0,0,0,1,0,0,0,0,0,0,0,0,1,0,0,0,0,0,0,0,1,0,0.965,0.26,5,1,1,consorcios,1,0,4,111000000,0.163
CO1.PCCNTR.4000202,891680011,GOBERNACION DEL CHOCO,GUAVIARE,SAN JOSE DEL GUAVIARE,DEPARTAMENTAL,OBRA,MINIMA CUANTIA,CELEBRADO,81101500,2022-09-03,2022,2020-2023,MANTENIMIENTO DE LA INFRAESTRUCTURA EDUCATIVA DE LA I.E. SANTO TOMAS,KM 12 VIA SAN JOSE DEL GUAVIARE - ZONA RURAL,{'url': 'https://community.secop.gov.co/Public/Tendering/OpportunityDetail/Index?noticeUID=CO1.NTC.5000202&isFromPublicArea=True'},99818872511,99818872511,124649709874,0,0,86894980964,0,0,1,1,5,24,60,30,MYG LINARES S.A.S.,ALVARO JOSE PENALOZA SIERRA,GLORIA ESPERANZA NINO ARAUJO,900412345,81551385,76887843,70072769,CTA-BAN-0077310,8.0,0.2,2,1,0,0,1,0,0,1,1,0,0,0,0,0,0,0,0,0,0,0,0,0,0,0,0.684,0.625,8,1,1,empresas_independientes,1,3,4,111000000,0.14
CO1.PCCNTR.4000203,891680011,GOBERNACION DEL CHOCO,VAUPES,MITU,DEPARTAMENTAL,CONCESION,MINIMA CUANTIA,TERMINADO,72151500,2023-09-12,2023,2020-2023,MANTENIMIENTO DE LA INFRAESTRUCTURA EDUCATIVA DE LA I.E. SANTO TOMAS,KM 16 VIA MITU - ZONA RURAL,{'url': 'https://community.secop.gov.co/Public/Tendering/OpportunityDetail/Index?noticeUID=CO1.NTC.5000203&isFromPublicArea=True'},292556246,292556246,68960716,88304271,0,221840561,0,1,0,5,5,14,60,150,UNION TEMPORAL PROGRESO 2024,WILSON ALBERTO GUERRERO PAZ,WILSON ALBERTO GUERRERO PAZ,900990011,68130083,29223412,65587055,CTA-BAN-0012004,1.0,0.025,0,1,0,0,0,0,0,0,0,0,0,0,0,0,0,0,0,1,0,0,0,0,0,0,0.819,0.234,7,3,1,consorcios,1,0,4,111000000,0.273
CO1.PCCNTR.4000204,899999061,INSTITUTO DE INFRAESTRUCTURA Y CONCESIONES DE CUNDINAMARCA - ICCU,ARCHIPIELAGO DE SAN ANDRES PROVIDENCIA Y SANTA CATALINA,SAN ANDRES,DEPARTAMENTAL,CONCESION,LICITACION PUBLICA,EN EJECUCION,72141100,2024-11-28,2024,2024-2027,CONSTRUCCION DE PLACA HUELLA EN ZONA RURAL DEL MUNICIPIO,KM 9 VIA SAN ANDRES - ZONA RURAL,,360919402,360919402,215992729,158912629,0,,0,0,1,2,7,18,60,60,INGENIERIA Y OBRAS CIVILES SAS,LUZ MARINA CARDENAS OSPINA,ALVARO JOSE PENALOZA SIERRA,900778899,77894780,17754107,43261962,CTA-BAN-0012004,1.0,0.025,0,1,0,0,0,0,0,0,0,0,0,0,0,0,0,0,0,0,0,0,0,1,0,0,0.977,0.431,5,1,1,comunitaria,1,0,24,111000000,0.156
